frame,object_id,label,confidence,x1,y1,x2,y2,depth_m
0000000000,0,pedestrian,0.887,445,165,479,253,14.135
0000000000,1,pedestrian,0.694,284,159,308,225,19.606
0000000000,2,pedestrian,0.615,359,176,413,291,8.821
0000000000,3,pedestrian,0.573,212,160,240,219,21.326
0000000000,4,car,0.556,1047,185,1172,224,25.012
0000000000,5,car,0.543,944,187,1069,220,25.012
0000000000,6,cyclist,0.476,335,222,401,301,8.621
0000000000,7,pedestrian,0.421,247,158,271,222,21.177
0000000000,8,car,0.272,961,188,1213,233,24.808
0000000001,0,pedestrian,0.681,441,163,480,250,14.069
0000000001,1,pedestrian,0.653,282,164,308,226,19.113
0000000001,2,pedestrian,0.605,213,160,240,219,21.177
0000000001,3,car,0.593,1050,185,1173,225,25.012
0000000001,4,car,0.528,945,187,1069,220,24.909
0000000001,5,pedestrian,0.449,335,169,389,276,8.258
0000000001,6,cyclist,0.419,311,232,397,316,8.104
0000000001,7,pedestrian,0.272,243,160,267,224,21.104
0000000002,0,pedestrian,0.857,458,164,494,254,14.069
0000000002,1,pedestrian,0.747,324,169,387,297,7.914
0000000002,2,cyclist,0.646,297,240,380,316,7.752
0000000002,3,pedestrian,0.548,213,157,237,220,21.104
0000000002,4,car,0.533,944,188,1071,221,24.808
0000000002,5,pedestrian,0.511,277,161,306,233,19.173
0000000002,6,car,0.501,1050,185,1171,225,24.909
0000000002,7,car,0.300,956,188,1214,233,24.707
0000000003,0,pedestrian,0.793,460,161,498,256,14.004
0000000003,1,cyclist,0.635,271,249,365,333,7.403
0000000003,2,car,0.579,1049,185,1171,224,25.012
0000000003,3,pedestrian,0.544,277,169,341,302,7.270
0000000003,4,car,0.525,945,187,1069,220,24.909
0000000003,5,pedestrian,0.312,211,159,235,216,21.104
0000000003,6,car,0.262,960,188,1215,233,24.808
0000000003,7,pedestrian,0.262,279,160,306,216,19.173
0000000004,0,pedestrian,0.854,463,163,507,258,13.720
0000000004,1,car,0.607,1051,185,1171,224,25.012
0000000004,2,car,0.565,946,187,1068,221,24.909
0000000004,3,cyclist,0.542,256,244,341,339,7.002
0000000004,4,pedestrian,0.478,260,164,331,307,6.868
0000000004,5,pedestrian,0.352,209,159,234,218,21.104
0000000005,0,pedestrian,0.777,472,163,509,249,13.597
0000000005,1,car,0.577,1050,185,1171,225,25.012
0000000005,2,car,0.528,947,187,1068,221,24.808
0000000005,3,cyclist,0.449,216,256,310,351,6.445
0000000005,4,pedestrian,0.438,223,178,294,261,6.253
0000000005,5,pedestrian,0.372,334,161,358,223,21.863
0000000005,6,car,0.253,961,187,1215,234,24.808
0000000006,0,pedestrian,0.833,473,161,511,253,13.567
0000000006,1,pedestrian,0.580,288,159,309,229,18.644
0000000006,2,car,0.556,1050,185,1172,224,25.012
0000000006,3,car,0.522,945,187,1069,220,24.909
0000000006,4,pedestrian,0.465,182,168,262,328,5.756
0000000006,5,car,0.361,140,176,197,199,19.234
0000000006,6,cyclist,0.321,165,247,309,359,5.924
0000000006,7,pedestrian,0.314,330,159,352,223,19.234
0000000006,8,car,0.307,957,188,1215,234,24.808
0000000007,0,pedestrian,0.710,483,160,516,259,13.506
0000000007,1,car,0.559,1050,185,1171,224,25.012
0000000007,2,car,0.547,944,187,1069,221,24.909
0000000007,3,cyclist,0.546,93,247,259,367,5.417
0000000007,4,pedestrian,0.505,284,161,308,225,18.307
0000000007,5,pedestrian,0.356,327,159,350,223,19.053
0000000007,6,car,0.292,958,188,1213,234,24.808
0000000007,7,pedestrian,0.261,253,159,276,221,20.260
0000000008,0,pedestrian,0.981,56,175,218,362,5.249
0000000008,1,cyclist,0.883,6,268,239,372,5.299
0000000008,2,pedestrian,0.729,487,157,525,260,13.299
0000000008,3,car,0.558,1049,185,1172,225,24.909
0000000008,4,car,0.514,946,187,1069,221,24.909
0000000008,5,pedestrian,0.420,281,157,304,224,18.934
0000000008,6,pedestrian,0.409,210,159,238,215,20.059
0000000008,7,pedestrian,0.331,325,159,347,225,19.113
0000000008,8,car,0.295,958,188,1215,234,24.707
0000000009,0,pedestrian,0.955,1,179,167,362,4.990
0000000009,1,pedestrian,0.637,283,156,306,224,18.817
0000000009,2,car,0.611,1049,185,1171,224,25.012
0000000009,3,car,0.554,946,187,1068,221,25.012
0000000009,4,pedestrian,0.471,327,156,348,224,18.875
0000000009,5,pedestrian,0.462,491,155,528,260,13.156
0000000009,6,pedestrian,0.316,250,157,275,218,20.059
0000000009,7,pedestrian,0.276,210,159,237,214,19.993
0000000009,8,car,0.269,958,188,1212,234,24.909
0000000010,0,pedestrian,0.685,502,161,538,255,13.099
0000000010,1,pedestrian,0.555,283,160,318,231,18.252
0000000010,2,car,0.529,1050,185,1172,224,25.012
0000000010,3,car,0.474,942,187,1069,221,25.012
0000000010,4,pedestrian,0.418,328,157,351,223,18.418
0000000010,5,pedestrian,0.368,208,161,243,224,19.993
0000000010,6,car,0.340,955,188,1213,235,24.707
0000000010,7,pedestrian,0.315,251,158,276,219,19.993
0000000011,0,pedestrian,0.750,507,156,545,256,13.071
0000000011,1,car,0.578,1051,185,1171,224,25.012
0000000011,2,pedestrian,0.556,284,160,319,231,18.307
0000000011,3,car,0.550,945,187,1068,221,24.909
0000000011,4,pedestrian,0.422,208,159,235,216,20.059
0000000011,5,pedestrian,0.368,251,159,277,218,19.993
0000000011,6,pedestrian,0.270,329,158,352,224,18.307
0000000012,0,pedestrian,0.771,283,160,318,232,18.197
0000000012,1,pedestrian,0.708,514,156,549,259,12.742
0000000012,2,car,0.556,1051,185,1174,224,25.012
0000000012,3,car,0.513,946,187,1067,221,24.808
0000000012,4,pedestrian,0.476,207,162,243,225,19.927
0000000012,5,pedestrian,0.295,336,160,360,221,18.252
0000000012,6,pedestrian,0.280,246,160,274,218,19.993
0000000012,7,car,0.261,961,187,1214,234,24.808
0000000013,0,pedestrian,0.618,283,161,317,232,18.252
0000000013,1,car,0.574,1049,185,1171,224,25.012
0000000013,2,pedestrian,0.493,520,169,555,262,12.662
0000000013,3,pedestrian,0.478,206,163,244,225,19.733
0000000013,4,car,0.478,948,187,1067,221,24.858
0000000013,5,car,0.284,963,187,1214,233,24.808
0000000014,0,pedestrian,0.756,525,157,564,261,12.662
0000000014,1,car,0.535,1049,185,1171,225,25.012
0000000014,2,pedestrian,0.525,289,158,314,224,18.701
0000000014,3,car,0.402,950,187,1067,223,24.909
0000000014,4,pedestrian,0.364,250,158,277,220,19.733
0000000014,5,pedestrian,0.270,210,161,236,214,19.234
0000000014,6,pedestrian,0.269,331,159,365,231,18.197
0000000015,0,pedestrian,0.892,534,155,567,260,12.610
0000000015,1,pedestrian,0.665,290,159,323,234,17.465
0000000015,2,car,0.513,1049,185,1171,224,25.012
0000000015,3,car,0.446,944,187,1068,221,24.909
0000000015,4,pedestrian,0.355,250,159,277,223,19.173
0000000015,5,pedestrian,0.311,210,161,237,216,19.113
0000000015,6,car,0.263,956,187,1212,233,24.808
0000000016,0,pedestrian,0.660,209,162,244,225,19.113
0000000016,1,pedestrian,0.618,536,150,571,262,12.353
0000000016,2,car,0.603,1053,185,1171,225,25.012
0000000016,3,pedestrian,0.427,289,159,321,235,17.465
0000000016,4,pedestrian,0.420,336,159,360,224,18.035
0000000016,5,car,0.364,949,187,1064,223,24.707
0000000016,6,pedestrian,0.302,250,162,278,219,19.053
0000000017,0,car,0.690,1055,185,1171,225,25.012
0000000017,1,pedestrian,0.531,288,159,321,235,18.644
0000000017,2,pedestrian,0.524,207,163,243,225,18.993
0000000017,3,car,0.522,953,187,1064,222,24.808
0000000017,4,pedestrian,0.339,333,158,368,232,18.089
0000000017,5,pedestrian,0.332,906,168,942,275,9.293
0000000017,6,pedestrian,0.310,541,150,577,262,12.254
0000000018,0,pedestrian,0.773,543,166,593,267,12.205
0000000018,1,car,0.677,1055,185,1170,224,25.115
0000000018,2,pedestrian,0.638,292,164,327,239,17.365
0000000018,3,pedestrian,0.586,907,162,955,305,9.265
0000000018,4,car,0.552,954,187,1066,221,24.808
0000000018,5,pedestrian,0.335,338,164,365,222,17.982
0000000018,6,pedestrian,0.319,202,163,241,227,18.993
0000000019,0,pedestrian,0.865,546,164,595,268,11.917
0000000019,1,car,0.641,1052,185,1172,224,25.012
0000000019,2,pedestrian,0.564,207,162,242,226,18.817
0000000019,3,pedestrian,0.521,915,173,970,295,9.085
0000000019,4,pedestrian,0.407,295,160,318,225,18.817
0000000019,5,car,0.345,968,187,1066,223,24.409
0000000019,6,pedestrian,0.266,336,157,368,235,18.089
0000000019,7,car,0.261,988,187,1217,236,24.707
0000000019,8,pedestrian,0.254,255,159,279,224,18.993
0000000020,0,pedestrian,0.707,555,165,601,267,11.871
0000000020,1,car,0.668,1055,185,1170,225,25.012
0000000020,2,pedestrian,0.637,917,171,982,297,9.004
0000000020,3,car,0.357,991,186,1066,219,24.215
0000000020,4,pedestrian,0.338,204,162,240,227,18.530
0000000020,5,pedestrian,0.304,288,160,321,234,18.934
0000000020,6,car,0.298,995,189,1218,237,24.508
0000000021,0,pedestrian,0.780,917,170,990,296,8.834
0000000021,1,car,0.666,1054,185,1168,224,25.115
0000000021,2,pedestrian,0.537,203,162,239,227,18.587
0000000021,3,pedestrian,0.421,251,161,276,223,18.587
0000000021,4,pedestrian,0.391,299,160,332,234,17.218
0000000021,5,pedestrian,0.288,562,166,604,270,11.825
0000000021,6,pedestrian,0.262,337,155,372,235,17.365
0000000022,0,pedestrian,0.961,936,170,994,299,8.821
0000000022,1,pedestrian,0.857,571,166,615,269,11.599
0000000022,2,car,0.725,1053,185,1165,225,25.012
0000000022,3,pedestrian,0.650,207,163,244,228,18.143
0000000022,4,pedestrian,0.399,302,160,331,234,17.267
0000000022,5,pedestrian,0.330,339,155,371,236,17.267
0000000022,6,pedestrian,0.328,250,162,277,224,18.252
0000000022,7,car,0.322,998,185,1062,220,24.023
0000000023,0,pedestrian,0.912,578,168,622,271,11.511
0000000023,1,pedestrian,0.751,209,163,243,228,18.089
0000000023,2,car,0.717,1052,184,1172,225,25.012
0000000023,3,pedestrian,0.481,933,162,996,307,8.465
0000000023,4,pedestrian,0.289,337,164,370,239,17.073
0000000023,5,pedestrian,0.277,294,159,326,234,18.418
0000000023,6,car,0.263,996,185,1219,241,24.409
0000000024,0,pedestrian,0.861,582,166,625,271,11.360
0000000024,1,pedestrian,0.852,929,162,1007,309,8.406
0000000024,2,car,0.718,1050,184,1165,227,24.909
0000000024,3,pedestrian,0.640,209,161,243,228,17.982
0000000024,4,pedestrian,0.463,292,159,323,232,18.197
0000000024,5,pedestrian,0.414,331,163,365,238,16.743
0000000024,6,pedestrian,0.261,253,163,279,225,18.089
0000000024,7,car,0.251,1014,185,1071,219,24.023
0000000025,0,pedestrian,0.770,592,165,635,269,11.193
0000000025,1,car,0.763,1050,185,1169,226,24.909
0000000025,2,pedestrian,0.600,294,155,317,225,18.362
0000000025,3,pedestrian,0.554,213,161,245,228,17.720
0000000025,4,pedestrian,0.551,933,160,1019,309,8.430
0000000025,5,pedestrian,0.347,257,159,280,227,18.089
0000000025,6,car,0.311,1018,186,1074,220,23.929
0000000025,7,pedestrian,0.288,326,158,348,224,16.382
0000000026,0,pedestrian,0.867,592,166,640,271,11.255
0000000026,1,car,0.784,1041,185,1170,227,24.707
0000000026,2,pedestrian,0.687,976,165,1043,303,8.418
0000000026,3,pedestrian,0.446,295,159,322,234,18.143
0000000026,4,pedestrian,0.440,210,162,243,229,17.465
0000000026,5,car,0.421,1021,185,1070,220,23.929
0000000026,6,pedestrian,0.396,365,166,394,240,16.930
0000000026,7,pedestrian,0.355,251,162,279,231,17.929
0000000026,8,pedestrian,0.304,326,163,354,241,16.338
0000000027,0,pedestrian,0.817,331,163,365,243,15.994
0000000027,1,car,0.712,1055,185,1171,227,25.012
0000000027,2,pedestrian,0.570,368,166,400,239,16.516
0000000027,3,pedestrian,0.448,980,163,1049,305,8.269
0000000027,4,pedestrian,0.312,289,159,311,226,18.644
0000000027,5,pedestrian,0.264,250,169,273,235,17.772
0000000028,0,pedestrian,0.890,326,164,358,243,15.869
0000000028,1,car,0.605,1053,184,1170,226,25.115
0000000028,2,pedestrian,0.377,286,158,312,235,18.252
0000000028,3,pedestrian,0.292,383,162,407,222,16.516
0000000028,4,pedestrian,0.274,245,172,274,233,17.415
0000000028,5,pedestrian,0.274,300,162,327,239,18.035
0000000028,6,pedestrian,0.271,990,164,1056,304,8.072
0000000029,0,pedestrian,0.843,328,164,358,242,15.705
0000000029,1,pedestrian,0.809,372,165,403,242,16.561
0000000029,2,car,0.650,1058,184,1164,226,25.012
0000000029,3,pedestrian,0.650,989,161,1060,311,7.976
0000000029,4,pedestrian,0.598,232,159,271,233,17.267
0000000029,5,pedestrian,0.424,286,158,313,236,18.143
0000000030,0,pedestrian,0.822,332,164,366,242,15.828
0000000030,1,car,0.576,1062,183,1166,227,24.909
0000000030,2,pedestrian,0.527,285,158,315,234,18.143
0000000030,3,pedestrian,0.465,225,159,265,232,17.267
0000000030,4,pedestrian,0.376,372,163,413,240,16.516
0000000030,5,pedestrian,0.266,1017,166,1087,303,7.987
0000000031,0,pedestrian,0.825,332,164,367,245,15.746
0000000031,1,pedestrian,0.783,1019,155,1108,317,7.935
0000000031,2,pedestrian,0.686,225,159,264,233,17.267
0000000031,3,pedestrian,0.451,283,159,312,235,17.929
0000000031,4,car,0.373,1082,187,1223,229,25.324
0000000032,0,pedestrian,0.838,337,164,373,245,15.348
0000000032,1,pedestrian,0.529,278,158,306,235,17.720
0000000032,2,pedestrian,0.447,1032,156,1117,318,7.873
0000000032,3,pedestrian,0.350,230,160,265,233,16.697
0000000032,4,pedestrian,0.321,381,163,412,241,15.869
0000000032,5,car,0.320,1087,187,1222,231,25.324
0000000033,0,pedestrian,0.814,341,165,375,247,15.271
0000000033,1,pedestrian,0.799,1048,167,1134,323,7.812
0000000033,2,pedestrian,0.627,389,163,419,243,15.869
0000000033,3,pedestrian,0.583,232,161,266,234,16.606
0000000033,4,pedestrian,0.466,283,162,312,239,17.566
0000000033,5,car,0.463,1112,188,1217,232,25.324
0000000034,0,pedestrian,0.836,1055,158,1138,331,7.703
0000000034,1,pedestrian,0.732,339,163,368,247,15.233
0000000034,2,pedestrian,0.589,235,159,270,234,16.516
0000000034,3,pedestrian,0.495,286,161,314,240,17.415
0000000034,4,pedestrian,0.438,387,162,422,241,15.828
0000000034,5,car,0.356,944,188,1062,225,25.537
0000000034,6,car,0.323,1118,189,1177,224,25.324
0000000035,0,pedestrian,0.564,1055,163,1144,334,7.494
0000000035,1,pedestrian,0.552,282,164,314,239,17.169
0000000035,2,pedestrian,0.491,346,163,374,245,15.195
0000000035,3,pedestrian,0.465,235,158,264,235,16.516
0000000035,4,car,0.449,949,187,1065,224,25.219
0000000035,5,pedestrian,0.296,393,163,426,242,15.828
0000000036,0,pedestrian,0.727,1065,163,1153,333,7.448
0000000036,1,pedestrian,0.722,349,164,381,247,15.082
0000000036,2,pedestrian,0.570,281,165,311,240,16.743
0000000036,3,pedestrian,0.543,240,159,268,234,16.427
0000000036,4,car,0.536,946,188,1069,224,24.311
0000000036,5,car,0.292,1022,186,1074,218,23.742
0000000036,6,pedestrian,0.257,396,165,430,243,15.828
0000000037,0,pedestrian,0.746,349,164,382,245,15.082
0000000037,1,pedestrian,0.640,282,166,317,240,16.606
0000000037,2,pedestrian,0.565,1075,167,1164,328,7.394
0000000037,3,car,0.484,945,187,1072,220,24.909
0000000037,4,car,0.363,1018,186,1073,217,24.215
0000000037,5,pedestrian,0.344,243,157,277,235,16.338
0000000037,6,pedestrian,0.281,337,166,360,237,17.617
0000000038,0,pedestrian,0.772,347,166,383,246,15.157
0000000038,1,pedestrian,0.658,288,164,321,241,16.743
0000000038,2,car,0.545,944,187,1070,222,25.012
0000000038,3,pedestrian,0.453,363,166,399,245,14.824
0000000038,4,car,0.435,1063,184,1121,222,24.557
0000000038,5,pedestrian,0.395,246,166,279,238,15.973
0000000039,0,pedestrian,0.689,335,166,364,248,17.365
0000000039,1,pedestrian,0.621,249,157,286,231,15.994
0000000039,2,pedestrian,0.585,366,166,401,247,14.645
0000000039,3,pedestrian,0.563,296,165,330,242,16.516
0000000039,4,car,0.498,945,187,1068,220,25.012
0000000039,5,pedestrian,0.481,1115,153,1211,344,7.270
0000000039,6,pedestrian,0.459,418,165,450,242,15.387
0000000039,7,pedestrian,0.415,283,157,315,235,16.516
0000000039,8,car,0.395,1064,185,1128,223,24.311
0000000040,0,pedestrian,0.645,243,157,283,233,15.828
0000000040,1,pedestrian,0.598,422,165,451,246,15.309
0000000040,2,pedestrian,0.550,377,163,407,247,14.610
0000000040,3,car,0.545,1041,185,1152,223,24.119
0000000040,4,pedestrian,0.535,295,167,329,243,16.079
0000000040,5,car,0.482,943,187,1071,220,25.012
0000000040,6,pedestrian,0.458,1121,151,1222,349,7.167
0000000040,7,pedestrian,0.360,337,167,367,245,17.668
0000000040,8,car,0.277,955,189,1183,233,23.835
0000000041,0,pedestrian,0.753,377,161,406,248,14.610
0000000041,1,car,0.726,1049,185,1157,224,24.023
0000000041,2,pedestrian,0.673,423,164,454,247,15.195
0000000041,3,car,0.533,942,187,1068,220,25.115
0000000041,4,pedestrian,0.412,329,167,355,240,16.561
0000000041,5,pedestrian,0.385,306,170,331,236,16.295
0000000041,6,pedestrian,0.346,253,169,286,239,15.624
0000000042,0,car,0.766,1045,185,1171,224,24.023
0000000042,1,car,0.588,943,187,1068,220,24.808
0000000042,2,pedestrian,0.549,327,167,358,243,16.516
0000000042,3,pedestrian,0.531,1159,157,1223,345,6.930
0000000042,4,car,0.508,1115,188,1172,222,23.929
0000000042,5,pedestrian,0.495,256,165,290,240,15.426
0000000042,6,pedestrian,0.490,293,168,331,241,16.122
0000000042,7,pedestrian,0.474,373,162,410,243,14.540
0000000042,8,pedestrian,0.290,427,162,459,244,15.119
0000000043,0,pedestrian,0.854,378,163,421,251,14.234
0000000043,1,pedestrian,0.844,255,165,289,238,15.387
0000000043,2,pedestrian,0.787,300,165,335,242,15.911
0000000043,3,car,0.709,1047,184,1169,225,24.707
0000000043,4,pedestrian,0.642,431,162,469,246,15.119
0000000043,5,car,0.565,946,187,1068,220,24.909
0000000043,6,pedestrian,0.493,336,166,367,242,16.516
0000000043,7,car,0.371,1116,189,1181,222,24.909
0000000043,8,pedestrian,0.251,1172,154,1224,348,6.930
0000000044,0,pedestrian,0.788,386,162,424,254,14.135
0000000044,1,pedestrian,0.725,262,166,293,238,15.195
0000000044,2,car,0.662,1049,185,1170,225,24.707
0000000044,3,pedestrian,0.649,437,162,472,249,15.044
0000000044,4,pedestrian,0.619,330,164,359,245,16.338
0000000044,5,car,0.547,945,187,1067,221,24.808
0000000044,6,pedestrian,0.525,292,164,328,243,16.037
0000000045,0,pedestrian,0.758,435,162,471,250,14.752
0000000045,1,pedestrian,0.739,388,160,423,252,14.102
0000000045,2,pedestrian,0.737,329,164,362,244,15.869
0000000045,3,car,0.578,1050,185,1172,224,25.012
0000000045,4,car,0.555,943,187,1068,220,25.115
0000000045,5,pedestrian,0.506,283,162,319,243,15.994
0000000046,0,pedestrian,0.760,330,163,359,246,15.994
0000000046,1,pedestrian,0.703,276,162,315,245,15.119
0000000046,2,pedestrian,0.665,447,158,481,251,14.645
0000000046,3,car,0.554,1051,185,1174,224,25.012
0000000046,4,pedestrian,0.552,395,159,431,245,14.102
0000000046,5,car,0.482,945,187,1069,221,25.012
0000000046,6,car,0.270,961,188,1217,233,24.707
0000000047,0,pedestrian,0.686,282,165,316,243,15.195
0000000047,1,car,0.580,1051,185,1172,224,25.012
0000000047,2,car,0.580,945,187,1069,220,24.909
0000000047,3,pedestrian,0.554,332,164,359,247,15.952
0000000047,4,pedestrian,0.552,402,159,433,253,14.004
0000000047,5,pedestrian,0.459,443,163,479,249,14.575
0000000048,0,pedestrian,0.902,279,164,318,246,14.788
0000000048,1,pedestrian,0.874,335,166,370,248,15.828
0000000048,2,pedestrian,0.645,399,165,436,246,13.940
0000000048,3,car,0.561,1051,185,1173,223,25.012
0000000048,4,car,0.541,944,187,1068,221,24.909
0000000048,5,pedestrian,0.257,425,165,463,247,14.267
0000000048,6,pedestrian,0.253,457,166,489,244,14.610
0000000049,0,pedestrian,0.893,278,162,314,249,14.645
0000000049,1,pedestrian,0.755,336,167,370,247,15.368
0000000049,2,pedestrian,0.589,408,161,448,253,13.689
0000000049,3,car,0.587,1050,185,1174,224,25.012
0000000049,4,car,0.495,945,187,1067,222,24.909
0000000049,5,pedestrian,0.380,457,162,491,228,14.540
0000000050,0,pedestrian,0.874,418,165,454,254,13.597
0000000050,1,pedestrian,0.859,345,168,380,248,15.195
0000000050,2,pedestrian,0.658,462,166,490,251,14.437
0000000050,3,pedestrian,0.622,288,165,320,247,14.610
0000000050,4,car,0.518,1050,185,1173,224,25.012
0000000050,5,car,0.490,945,187,1069,221,24.707
0000000050,6,car,0.274,962,188,1216,234,24.707
0000000051,0,pedestrian,0.841,288,166,321,247,14.301
0000000051,1,pedestrian,0.841,424,163,452,256,13.567
0000000051,2,pedestrian,0.827,349,169,380,247,15.157
0000000051,3,pedestrian,0.806,466,164,496,251,14.201
0000000051,4,pedestrian,0.602,369,168,396,245,15.195
0000000051,5,car,0.570,1052,185,1172,224,25.012
0000000051,6,car,0.533,946,187,1068,221,24.909
0000000052,0,pedestrian,0.680,464,161,496,250,14.069
0000000052,1,pedestrian,0.639,427,156,462,259,13.536
0000000052,2,car,0.564,1054,185,1173,224,25.115
0000000052,3,pedestrian,0.504,287,167,323,247,14.403
0000000052,4,car,0.434,941,187,1067,222,25.115
0000000052,5,pedestrian,0.406,339,170,379,248,15.082
0000000052,6,pedestrian,0.261,426,162,451,217,13.417
0000000053,0,pedestrian,0.727,288,169,329,251,14.201
0000000053,1,pedestrian,0.726,428,153,469,260,13.476
0000000053,2,pedestrian,0.687,471,162,508,247,14.069
0000000053,3,pedestrian,0.507,340,168,378,251,15.119
0000000053,4,car,0.506,1055,185,1172,224,25.012
0000000053,5,pedestrian,0.409,371,169,410,246,15.157
0000000053,6,car,0.373,943,187,1071,222,24.808
0000000053,7,car,0.298,953,188,1214,235,24.707
0000000054,0,pedestrian,0.861,292,168,333,249,14.102
0000000054,1,pedestrian,0.822,478,165,514,252,13.972
0000000054,2,pedestrian,0.686,432,158,476,263,13.213
0000000054,3,car,0.632,1056,185,1170,224,25.012
0000000054,4,pedestrian,0.597,371,167,399,249,15.007
0000000054,5,pedestrian,0.540,334,168,366,250,14.752
0000000054,6,car,0.337,953,188,1067,222,24.707
0000000055,0,pedestrian,0.841,301,163,337,247,13.845
0000000055,1,pedestrian,0.778,484,168,521,253,13.972
0000000055,2,pedestrian,0.724,434,166,481,266,13.184
0000000055,3,car,0.663,1054,185,1169,225,24.909
0000000055,4,car,0.507,990,187,1066,218,24.119
0000000055,5,pedestrian,0.502,334,167,364,248,15.705
0000000055,6,pedestrian,0.479,376,167,405,249,14.716
0000000056,0,pedestrian,0.833,443,154,479,265,13.099
0000000056,1,pedestrian,0.832,487,167,523,254,13.720
0000000056,2,car,0.754,1054,185,1174,225,25.012
0000000056,3,pedestrian,0.584,341,165,373,249,14.471
0000000056,4,pedestrian,0.537,918,152,988,315,7.713
0000000056,5,car,0.375,997,186,1064,219,23.929
0000000056,6,pedestrian,0.329,379,168,409,248,14.610
0000000056,7,pedestrian,0.315,301,164,335,248,13.720
0000000056,8,car,0.252,983,188,1223,239,24.215
0000000057,0,car,0.764,1056,185,1171,226,25.012
0000000057,1,pedestrian,0.737,484,166,516,252,13.536
0000000057,2,pedestrian,0.634,448,157,479,257,12.959
0000000057,3,pedestrian,0.535,921,150,1014,320,7.693
0000000057,4,pedestrian,0.463,382,166,410,252,14.575
0000000057,5,pedestrian,0.395,340,166,370,249,16.427
0000000057,6,car,0.286,999,185,1062,219,23.929
0000000058,0,car,0.820,1052,185,1164,226,24.909
0000000058,1,pedestrian,0.617,336,162,370,251,16.697
0000000058,2,pedestrian,0.536,299,163,338,244,16.382
0000000058,3,pedestrian,0.500,463,160,494,257,12.904
0000000058,4,pedestrian,0.462,922,170,1037,328,7.569
0000000058,5,pedestrian,0.369,385,165,418,252,14.471
0000000058,6,car,0.305,1018,186,1072,219,24.119
0000000059,0,car,0.727,1045,185,1167,226,24.808
0000000059,1,pedestrian,0.723,458,161,495,259,12.715
0000000059,2,pedestrian,0.598,972,154,1044,315,7.323
0000000059,3,pedestrian,0.552,328,169,366,250,13.720
0000000059,4,pedestrian,0.543,390,164,427,252,14.102
0000000059,5,pedestrian,0.492,505,166,539,243,13.506
0000000059,6,pedestrian,0.377,299,160,340,248,15.705
0000000059,7,car,0.349,983,184,1221,242,24.023
0000000059,8,car,0.319,1022,186,1068,221,23.835
0000000060,0,pedestrian,0.874,462,159,502,261,12.715
0000000060,1,pedestrian,0.740,964,146,1049,320,7.288
0000000060,2,car,0.670,1045,185,1172,226,24.909
0000000060,3,pedestrian,0.527,323,168,363,249,13.299
0000000060,4,pedestrian,0.515,387,168,424,251,14.037
0000000060,5,pedestrian,0.495,512,154,544,257,13.242
0000000061,0,pedestrian,0.726,457,169,506,262,12.662
0000000061,1,pedestrian,0.679,383,167,420,249,13.720
0000000061,2,pedestrian,0.568,329,170,370,244,13.127
0000000061,3,car,0.529,1055,185,1164,228,24.909
0000000061,4,pedestrian,0.501,517,157,549,258,13.127
0000000062,0,pedestrian,0.726,476,165,507,254,12.519
0000000062,1,pedestrian,0.683,413,170,445,248,14.037
0000000062,2,pedestrian,0.635,334,168,374,250,13.099
0000000062,3,pedestrian,0.506,516,170,553,259,13.099
0000000062,4,pedestrian,0.463,374,164,405,252,13.627
0000000062,5,car,0.414,934,184,1204,236,24.707
0000000062,6,pedestrian,0.388,1014,159,1097,338,7.035
0000000062,7,car,0.357,1080,186,1219,230,25.324
0000000063,0,pedestrian,0.831,330,167,375,251,12.987
0000000063,1,pedestrian,0.670,484,155,519,262,12.379
0000000063,2,pedestrian,0.524,520,163,550,250,13.043
0000000063,3,pedestrian,0.487,376,165,407,252,13.689
0000000063,4,car,0.414,945,188,1061,231,25.012
0000000063,5,pedestrian,0.400,414,166,444,246,13.908
0000000063,6,car,0.355,1089,188,1221,232,25.324
0000000063,7,pedestrian,0.308,1019,184,1114,343,6.922
0000000063,8,car,0.252,1055,180,1143,239,6.994
0000000064,0,pedestrian,0.866,330,166,366,250,12.987
0000000064,1,pedestrian,0.618,372,167,405,253,13.720
0000000064,2,pedestrian,0.537,524,164,558,253,12.715
0000000064,3,pedestrian,0.444,421,166,447,249,13.876
0000000064,4,car,0.363,1114,188,1164,227,25.115
0000000064,5,pedestrian,0.346,493,163,526,251,12.254
0000000064,6,car,0.313,943,188,1070,226,25.012
0000000065,0,pedestrian,0.799,335,167,370,250,13.462
0000000065,1,pedestrian,0.707,509,161,565,260,12.584
0000000065,2,pedestrian,0.688,381,166,411,254,13.447
0000000065,3,pedestrian,0.561,492,160,530,259,12.254
0000000065,4,pedestrian,0.498,423,167,451,251,13.567
0000000065,5,car,0.482,958,187,1073,226,24.119
0000000065,6,pedestrian,0.439,1084,148,1150,264,6.768
0000000065,7,car,0.294,1164,174,1221,234,28.805
0000000065,8,pedestrian,0.285,1061,151,1142,344,6.776
0000000066,0,pedestrian,0.834,337,165,375,251,13.184
0000000066,1,pedestrian,0.732,386,166,416,252,13.387
0000000066,2,pedestrian,0.667,520,169,572,266,12.558
0000000066,3,car,0.425,952,187,1073,222,24.707
0000000066,4,car,0.369,1065,184,1117,223,24.607
0000000066,5,pedestrian,0.368,488,165,530,267,12.180
0000000066,6,pedestrian,0.348,427,159,456,256,13.567
0000000066,7,car,0.305,1018,186,1079,219,24.119
0000000066,8,pedestrian,0.279,1081,165,1187,358,6.672
0000000067,0,pedestrian,0.833,509,153,552,267,11.964
0000000067,1,pedestrian,0.814,328,168,358,250,14.610
0000000067,2,pedestrian,0.783,1082,171,1225,347,6.664
0000000067,3,pedestrian,0.737,426,173,461,258,13.476
0000000067,4,pedestrian,0.608,382,167,415,252,13.071
0000000067,5,car,0.540,942,188,1072,222,24.808
0000000067,6,car,0.466,1060,186,1132,221,24.607
0000000067,7,pedestrian,0.315,564,165,592,214,12.610
0000000068,0,pedestrian,0.863,1079,171,1226,351,6.635
0000000068,1,pedestrian,0.843,379,164,417,252,12.932
0000000068,2,pedestrian,0.776,511,150,548,264,11.871
0000000068,3,pedestrian,0.716,328,167,360,249,14.610
0000000068,4,pedestrian,0.709,432,176,467,263,13.447
0000000068,5,car,0.577,1044,185,1155,223,24.023
0000000068,6,car,0.439,949,187,1070,220,24.808
0000000068,7,pedestrian,0.381,557,154,590,262,12.584
0000000068,8,pedestrian,0.288,566,165,594,218,12.558
0000000069,0,pedestrian,0.821,373,165,415,255,12.341
0000000069,1,pedestrian,0.775,512,167,561,267,11.825
0000000069,2,pedestrian,0.758,329,162,362,251,14.403
0000000069,3,pedestrian,0.744,433,172,474,263,13.127
0000000069,4,car,0.619,1051,185,1170,225,24.119
0000000069,5,car,0.526,949,187,1065,222,24.808
0000000069,6,pedestrian,0.438,566,165,597,221,12.328
0000000069,7,car,0.278,1113,188,1173,222,24.023
0000000070,0,pedestrian,0.878,371,169,419,263,12.328
0000000070,1,pedestrian,0.873,513,166,563,270,11.621
0000000070,2,pedestrian,0.759,558,167,611,267,12.254
0000000070,3,car,0.758,1055,185,1168,225,24.215
0000000070,4,pedestrian,0.687,332,166,365,249,14.234
0000000070,5,pedestrian,0.652,431,168,472,267,12.973
0000000070,6,car,0.542,945,187,1065,221,24.909
0000000070,7,car,0.348,1114,189,1181,221,24.409
0000000071,0,pedestrian,0.771,372,169,414,251,12.131
0000000071,1,car,0.652,1053,185,1168,225,24.909
0000000071,2,pedestrian,0.597,425,166,465,252,12.715
0000000071,3,car,0.570,947,187,1067,221,24.909
0000000071,4,pedestrian,0.570,336,170,370,248,14.168
0000000071,5,pedestrian,0.423,554,170,611,269,12.205
0000000071,6,pedestrian,0.368,517,165,571,272,11.577
0000000072,0,pedestrian,0.702,335,170,367,250,14.135
0000000072,1,pedestrian,0.667,375,169,415,251,11.917
0000000072,2,pedestrian,0.636,525,169,572,269,11.511
0000000072,3,pedestrian,0.625,571,175,617,268,12.131
0000000072,4,car,0.561,1050,185,1175,224,25.012
0000000072,5,pedestrian,0.492,422,170,463,266,12.662
0000000072,6,car,0.481,946,187,1067,222,24.808
0000000072,7,pedestrian,0.409,458,171,492,246,13.043
0000000073,0,pedestrian,0.854,338,164,371,253,14.069
0000000073,1,pedestrian,0.826,380,166,418,251,11.917
0000000073,2,pedestrian,0.570,424,167,465,267,12.455
0000000073,3,car,0.567,1050,185,1172,224,25.012
0000000073,4,pedestrian,0.552,569,170,621,271,11.825
0000000073,5,car,0.502,945,187,1069,221,24.808
0000000073,6,pedestrian,0.437,460,165,494,251,12.904
0000000073,7,car,0.254,960,188,1215,233,24.808
0000000074,0,pedestrian,0.791,345,163,378,251,14.037
0000000074,1,pedestrian,0.783,387,166,421,253,11.779
0000000074,2,pedestrian,0.690,569,164,626,269,11.511
0000000074,3,car,0.534,1050,185,1172,224,25.115
0000000074,4,car,0.484,945,187,1069,221,25.012
0000000074,5,pedestrian,0.410,468,164,500,249,12.662
0000000074,6,pedestrian,0.404,421,170,459,266,12.254
0000000074,7,car,0.298,959,188,1217,234,24.808
0000000075,0,pedestrian,0.924,562,165,621,272,11.214
0000000075,1,pedestrian,0.677,432,167,474,267,12.254
0000000075,2,pedestrian,0.652,387,165,427,255,11.733
0000000075,3,car,0.635,1051,185,1170,225,24.909
0000000075,4,pedestrian,0.553,594,166,638,270,11.621
0000000075,5,pedestrian,0.492,345,159,378,253,13.845
0000000075,6,car,0.485,944,187,1067,221,24.909
0000000075,7,pedestrian,0.287,481,168,509,251,12.662
0000000076,0,pedestrian,0.833,348,163,384,250,13.658
0000000076,1,pedestrian,0.809,560,166,637,274,11.152
0000000076,2,car,0.603,1049,185,1171,224,25.012
0000000076,3,pedestrian,0.566,432,168,467,267,12.131
0000000076,4,pedestrian,0.515,396,168,437,269,11.621
0000000076,5,car,0.493,947,187,1066,222,24.808
0000000076,6,pedestrian,0.473,481,173,517,260,12.636
0000000076,7,car,0.256,966,188,1216,234,24.707
0000000077,0,pedestrian,0.887,410,166,454,268,11.533
0000000077,1,pedestrian,0.870,564,163,639,276,10.912
0000000077,2,pedestrian,0.795,352,159,385,255,13.627
0000000077,3,pedestrian,0.617,382,166,414,254,14.752
0000000077,4,car,0.591,1051,185,1173,224,25.012
0000000077,5,car,0.506,947,187,1066,222,24.909
0000000077,6,pedestrian,0.475,482,174,524,261,12.584
0000000077,7,pedestrian,0.417,601,176,646,268,10.971
0000000078,0,pedestrian,0.788,576,167,624,275,10.853
0000000078,1,pedestrian,0.736,414,166,459,268,11.468
0000000078,2,pedestrian,0.673,465,173,506,265,11.894
0000000078,3,pedestrian,0.629,377,166,413,252,14.069
0000000078,4,pedestrian,0.597,355,158,390,256,13.627
0000000078,5,car,0.577,1052,185,1174,224,25.115
0000000078,6,car,0.449,949,187,1066,222,24.808
0000000078,7,pedestrian,0.443,601,175,647,270,10.853
0000000078,8,pedestrian,0.372,284,155,309,208,31.656
0000000078,9,pedestrian,0.326,526,162,551,224,28.401
0000000079,0,pedestrian,0.853,583,163,624,273,10.607
0000000079,1,pedestrian,0.826,420,167,462,265,11.193
0000000079,2,pedestrian,0.646,366,166,403,252,13.417
0000000079,3,car,0.614,1051,185,1172,225,24.909
0000000079,4,pedestrian,0.526,463,171,499,265,11.871
0000000079,5,pedestrian,0.502,511,165,538,243,12.279
0000000079,6,car,0.501,945,187,1066,222,24.808
0000000079,7,pedestrian,0.329,606,164,650,276,10.570
0000000080,0,pedestrian,0.828,421,163,469,273,11.255
0000000080,1,pedestrian,0.729,370,158,409,257,13.213
0000000080,2,pedestrian,0.670,591,156,645,279,10.579
0000000080,3,pedestrian,0.573,469,167,506,271,11.621
0000000080,4,car,0.531,1048,185,1173,224,25.012
0000000080,5,car,0.465,948,187,1068,222,24.808
0000000080,6,pedestrian,0.381,506,175,541,265,12.229
0000000080,7,pedestrian,0.304,284,156,312,203,31.169
0000000080,8,car,0.278,967,188,1216,233,24.707
0000000081,0,pedestrian,0.859,420,160,473,272,11.276
0000000081,1,pedestrian,0.731,368,164,409,253,13.156
0000000081,2,pedestrian,0.651,597,163,648,273,10.534
0000000081,3,car,0.595,1053,185,1172,224,25.115
0000000081,4,car,0.490,948,187,1067,222,24.808
0000000081,5,pedestrian,0.372,510,174,545,264,12.180
0000000081,6,pedestrian,0.323,477,175,524,263,11.577
0000000082,0,pedestrian,0.925,427,165,476,274,11.132
0000000082,1,pedestrian,0.871,372,167,412,252,13.071
0000000082,2,pedestrian,0.697,603,166,649,277,10.570
0000000082,3,car,0.582,1053,185,1173,224,25.012
0000000082,4,car,0.444,946,187,1067,222,24.909
0000000082,5,pedestrian,0.275,481,169,525,272,11.511
0000000083,0,pedestrian,0.896,428,164,477,272,10.912
0000000083,1,pedestrian,0.808,371,176,413,260,12.904
0000000083,2,pedestrian,0.691,526,171,564,266,11.871
0000000083,3,pedestrian,0.651,613,165,654,278,2.404
0000000083,4,car,0.556,1052,185,1172,224,25.012
0000000083,5,car,0.429,948,187,1067,222,24.909
0000000083,6,pedestrian,0.380,481,164,518,270,11.234
0000000083,7,pedestrian,0.254,540,174,566,235,11.871
0000000083,8,car,0.254,963,189,1217,235,24.607
0000000084,0,pedestrian,0.807,624,155,662,287,4.748
0000000084,1,pedestrian,0.702,532,168,564,267,11.848
0000000084,2,pedestrian,0.650,441,164,479,255,10.644
0000000084,3,car,0.558,1050,185,1175,224,25.012
0000000084,4,pedestrian,0.521,376,178,412,261,12.796
0000000084,5,car,0.442,947,187,1067,222,24.707
0000000084,6,pedestrian,0.319,464,165,519,271,11.152
0000000084,7,pedestrian,0.301,282,157,306,207,28.669
0000000084,8,car,0.270,967,188,1219,235,24.707
0000000085,0,pedestrian,0.914,461,166,508,274,10.776
0000000085,1,pedestrian,0.744,422,167,456,252,14.824
0000000085,2,car,0.562,1053,185,1173,224,25.115
0000000085,3,pedestrian,0.530,392,165,428,255,12.742
0000000085,4,car,0.446,947,187,1066,222,24.808
0000000085,5,pedestrian,0.346,532,171,568,272,11.733
0000000086,0,pedestrian,0.938,454,165,502,277,10.626
0000000086,1,pedestrian,0.735,388,162,427,255,12.742
0000000086,2,pedestrian,0.648,518,166,565,277,11.173
0000000086,3,car,0.578,1054,185,1174,224,25.115
0000000086,4,car,0.458,946,187,1067,222,24.909
0000000086,5,pedestrian,0.397,422,165,448,253,14.610
0000000086,6,pedestrian,0.280,190,156,224,198,33.766
0000000087,0,pedestrian,0.976,459,167,512,275,10.497
0000000087,1,pedestrian,0.817,389,164,432,254,12.662
0000000087,2,pedestrian,0.769,519,166,560,276,10.931
0000000087,3,car,0.555,1049,185,1174,224,25.012
0000000087,4,car,0.492,944,187,1067,221,25.012
0000000087,5,pedestrian,0.455,554,170,588,273,11.511
0000000087,6,pedestrian,0.368,422,167,449,249,14.540
0000000087,7,pedestrian,0.307,189,156,223,198,33.579
0000000087,8,pedestrian,0.260,570,171,594,235,11.511
0000000087,9,car,0.250,964,188,1218,234,24.808
0000000088,0,pedestrian,0.890,463,164,518,279,10.319
0000000088,1,pedestrian,0.674,394,165,433,254,12.379
0000000088,2,car,0.521,1051,185,1173,224,25.012
0000000088,3,pedestrian,0.491,428,168,462,252,14.506
0000000088,4,car,0.477,946,187,1069,221,24.808
0000000088,5,pedestrian,0.476,518,171,568,273,10.853
0000000088,6,pedestrian,0.326,561,170,597,275,11.425
0000000088,7,pedestrian,0.313,189,155,221,198,33.579
0000000088,8,car,0.260,960,188,1217,234,24.808
0000000089,0,car,0.583,942,187,1068,220,25.012
0000000089,1,car,0.560,1051,185,1174,224,25.012
0000000089,2,pedestrian,0.507,394,156,436,259,12.429
0000000089,3,pedestrian,0.504,469,158,503,258,13.071
0000000089,4,pedestrian,0.500,417,173,457,262,12.404
0000000089,5,pedestrian,0.413,189,155,222,198,33.766
0000000089,6,pedestrian,0.352,517,162,578,280,10.795
0000000090,0,pedestrian,0.591,419,176,456,262,12.279
0000000090,1,car,0.555,1050,185,1173,224,25.012
0000000090,2,car,0.489,945,187,1066,222,24.707
0000000090,3,pedestrian,0.463,473,166,507,251,13.099
0000000090,4,pedestrian,0.444,522,163,566,280,10.570
0000000090,5,pedestrian,0.371,247,154,277,200,33.395
0000000090,6,pedestrian,0.362,564,164,605,279,11.111
0000000090,7,pedestrian,0.338,192,156,225,198,33.955
0000000090,8,pedestrian,0.251,437,176,468,235,14.102
0000000091,0,pedestrian,0.660,575,175,619,269,11.091
0000000091,1,car,0.546,944,187,1069,220,25.012
0000000091,2,car,0.546,1051,185,1174,224,25.115
0000000091,3,pedestrian,0.498,484,164,520,252,12.662
0000000091,4,pedestrian,0.483,417,177,457,259,12.254
0000000091,5,pedestrian,0.441,247,153,277,201,31.989
0000000091,6,pedestrian,0.410,523,165,575,279,10.497
0000000092,0,pedestrian,0.664,412,175,454,263,12.180
0000000092,1,car,0.550,1052,185,1173,224,25.115
0000000092,2,pedestrian,0.530,469,166,504,250,13.184
0000000092,3,car,0.463,945,187,1067,221,24.909
0000000092,4,pedestrian,0.276,565,163,620,279,10.738
0000000092,5,car,0.260,961,188,1217,234,24.707
0000000093,0,pedestrian,0.822,415,166,466,268,12.254
0000000093,1,pedestrian,0.728,467,163,502,254,13.242
0000000093,2,pedestrian,0.724,501,158,547,284,9.787
0000000093,3,car,0.576,1052,185,1172,224,25.012
0000000093,4,car,0.522,947,187,1067,221,24.909
0000000093,5,pedestrian,0.340,564,161,610,278,10.354
0000000094,0,pedestrian,0.758,603,168,636,274,10.461
0000000094,1,pedestrian,0.670,485,161,519,255,12.904
0000000094,2,pedestrian,0.609,419,170,470,272,12.205
0000000094,3,pedestrian,0.577,566,164,605,278,10.267
0000000094,4,car,0.508,1053,185,1173,224,25.012
0000000094,5,pedestrian,0.479,509,163,554,279,9.694
0000000094,6,car,0.470,946,187,1069,222,24.707
0000000094,7,pedestrian,0.293,258,155,285,204,30.852
0000000094,8,car,0.278,958,188,1213,234,24.707
0000000095,0,pedestrian,0.723,426,163,471,273,11.941
0000000095,1,car,0.551,944,187,1068,221,25.012
0000000095,2,car,0.538,1052,185,1173,224,25.012
0000000095,3,pedestrian,0.519,476,165,514,252,13.071
0000000095,4,pedestrian,0.481,515,161,560,257,9.526
0000000095,5,pedestrian,0.475,610,170,644,240,2.603
0000000095,6,pedestrian,0.427,253,156,282,204,29.940
0000000095,7,pedestrian,0.416,567,176,610,288,10.215
0000000095,8,pedestrian,0.377,573,176,600,235,10.215
0000000096,0,pedestrian,0.748,572,176,618,291,9.996
0000000096,1,pedestrian,0.697,435,165,476,271,11.779
0000000096,2,pedestrian,0.634,605,177,650,290,9.964
0000000096,3,car,0.531,1051,185,1172,224,25.012
0000000096,4,pedestrian,0.513,519,164,561,277,9.497
0000000096,5,pedestrian,0.504,253,155,281,205,29.648
0000000096,6,car,0.445,953,187,1067,222,24.808
0000000096,7,pedestrian,0.371,473,169,508,249,13.876
0000000097,0,pedestrian,0.717,434,166,477,253,13.015
0000000097,1,car,0.576,1052,185,1170,224,25.012
0000000097,2,pedestrian,0.575,511,176,564,264,9.526
0000000097,3,car,0.522,944,187,1069,221,24.909
0000000097,4,pedestrian,0.487,572,166,614,274,9.819
0000000098,0,pedestrian,0.744,437,163,483,268,12.636
0000000098,1,pedestrian,0.615,512,176,552,267,12.404
0000000098,2,car,0.535,944,187,1070,221,25.012
0000000098,3,car,0.504,1051,185,1171,224,25.012
0000000098,4,pedestrian,0.481,470,173,500,264,11.533
0000000098,5,pedestrian,0.414,254,155,281,206,29.362
0000000098,6,pedestrian,0.320,551,162,602,282,9.336
0000000098,7,car,0.257,961,188,1216,234,24.808
0000000099,0,pedestrian,0.812,518,172,554,265,12.328
0000000099,1,pedestrian,0.688,437,154,482,265,13.015
0000000099,2,pedestrian,0.579,464,164,502,255,11.468
0000000099,3,car,0.518,1052,185,1174,224,25.115
0000000099,4,car,0.451,945,187,1069,221,24.909
0000000099,5,pedestrian,0.446,253,155,281,204,29.793
0000000099,6,pedestrian,0.426,553,174,607,292,9.265
0000000099,7,pedestrian,0.345,613,167,651,247,4.675
0000000099,8,car,0.270,960,188,1219,234,24.808
0000000100,0,pedestrian,0.817,442,154,483,264,13.029
0000000100,1,pedestrian,0.616,521,167,559,252,12.254
0000000100,2,pedestrian,0.584,248,153,279,205,29.081
0000000100,3,car,0.515,1052,185,1173,224,25.115
0000000100,4,pedestrian,0.430,464,163,500,252,11.193
0000000100,5,car,0.424,946,187,1066,222,24.808
0000000100,6,pedestrian,0.313,561,161,611,282,9.085
0000000100,7,car,0.271,960,188,1220,235,24.707
0000000101,0,pedestrian,0.873,579,159,625,282,8.991
0000000101,1,pedestrian,0.858,519,164,554,253,12.254
0000000101,2,pedestrian,0.662,442,155,487,265,12.932
0000000101,3,pedestrian,0.623,458,168,501,250,11.193
0000000101,4,car,0.570,1051,185,1172,224,25.012
0000000101,5,pedestrian,0.549,250,151,278,206,29.362
0000000101,6,car,0.503,947,187,1067,222,24.909
0000000101,7,pedestrian,0.476,608,157,659,289,9.018
0000000102,0,pedestrian,0.755,522,171,557,264,12.229
0000000102,1,pedestrian,0.740,588,163,626,277,8.847
0000000102,2,pedestrian,0.610,251,152,282,207,29.220
0000000102,3,pedestrian,0.585,604,157,657,290,8.834
0000000102,4,car,0.583,1050,185,1173,224,25.012
0000000102,5,pedestrian,0.571,450,164,505,251,12.662
0000000102,6,car,0.558,946,187,1068,221,24.808
0000000103,0,pedestrian,0.782,459,164,512,270,11.234
0000000103,1,pedestrian,0.769,595,168,647,297,8.708
0000000103,2,pedestrian,0.642,528,170,563,264,12.107
0000000103,3,pedestrian,0.589,251,151,279,207,29.793
0000000103,4,car,0.540,1052,185,1173,224,25.115
0000000103,5,car,0.540,945,187,1069,221,25.012
0000000103,6,car,0.284,960,188,1215,234,24.808
0000000103,7,pedestrian,0.257,195,153,221,200,33.955
0000000104,0,pedestrian,0.756,530,167,574,272,11.941
0000000104,1,pedestrian,0.748,458,163,512,273,12.379
0000000104,2,car,0.587,1051,185,1174,224,25.012
0000000104,3,pedestrian,0.587,254,151,283,207,29.940
0000000104,4,car,0.504,947,187,1066,222,25.012
0000000104,5,pedestrian,0.410,598,169,653,302,8.621
0000000104,6,pedestrian,0.387,196,153,224,199,34.145
0000000105,0,pedestrian,0.798,458,153,509,264,12.404
0000000105,1,pedestrian,0.654,253,152,281,207,29.648
0000000105,2,pedestrian,0.652,527,165,566,274,11.871
0000000105,3,car,0.557,1049,185,1172,224,25.012
0000000105,4,pedestrian,0.512,611,164,660,301,4.748
0000000105,5,car,0.455,948,187,1066,222,24.909
0000000106,0,car,0.634,1049,185,1170,224,25.012
0000000106,1,pedestrian,0.521,250,152,278,207,29.793
0000000106,2,pedestrian,0.485,517,147,549,269,10.776
0000000106,3,car,0.464,948,187,1066,222,24.909
0000000106,4,pedestrian,0.452,464,164,501,250,12.303
0000000106,5,pedestrian,0.401,551,141,592,273,11.848
0000000106,6,pedestrian,0.334,626,166,667,301,4.748
0000000107,0,pedestrian,0.631,462,159,504,258,12.254
0000000107,1,pedestrian,0.620,250,153,278,206,31.010
0000000107,2,car,0.608,1052,185,1173,224,25.012
0000000107,3,car,0.420,944,187,1066,224,24.808
0000000107,4,pedestrian,0.397,505,161,550,280,10.607
0000000107,5,pedestrian,0.262,551,145,599,266,11.802
0000000107,6,pedestrian,0.252,526,162,553,219,10.607
0000000108,0,pedestrian,0.707,246,153,273,207,31.656
0000000108,1,car,0.635,1053,185,1173,224,25.012
0000000108,2,car,0.459,947,187,1066,224,24.808
0000000108,3,pedestrian,0.428,459,152,516,266,12.254
0000000108,4,pedestrian,0.304,579,162,609,215,11.621
0000000109,0,car,0.678,1056,185,1171,224,25.012
0000000109,1,pedestrian,0.662,241,154,271,205,32.158
0000000109,2,car,0.559,949,187,1065,221,24.808
0000000109,3,pedestrian,0.424,463,150,518,266,12.229
0000000109,4,pedestrian,0.383,194,155,222,201,33.955
0000000110,0,pedestrian,0.685,560,160,617,274,11.425
0000000110,1,car,0.660,1055,185,1170,224,25.012
0000000110,2,pedestrian,0.646,472,153,521,265,12.059
0000000110,3,pedestrian,0.486,902,154,959,315,7.873
0000000110,4,car,0.424,995,187,1066,219,24.023
0000000110,5,pedestrian,0.344,253,154,280,206,29.793
0000000110,6,pedestrian,0.297,515,148,553,268,10.319
0000000111,0,pedestrian,0.839,904,154,992,317,7.883
0000000111,1,car,0.671,1054,185,1170,225,25.012
0000000111,2,pedestrian,0.658,571,159,625,277,11.255
0000000111,3,pedestrian,0.604,523,148,563,266,10.267
0000000111,4,pedestrian,0.571,486,151,526,266,11.941
0000000111,5,car,0.418,997,188,1065,217,24.023
0000000111,6,car,0.393,983,190,1226,238,24.311
0000000112,0,pedestrian,0.784,582,161,626,277,11.152
0000000112,1,car,0.751,1051,185,1171,227,24.909
0000000112,2,pedestrian,0.473,910,147,995,326,7.752
0000000112,3,car,0.389,988,187,1058,218,23.929
0000000112,4,pedestrian,0.378,529,158,557,216,11.848
0000000112,5,pedestrian,0.363,255,153,280,204,29.648
0000000112,6,pedestrian,0.324,533,193,572,282,10.096
0000000112,7,car,0.323,994,190,1228,240,24.311
0000000112,8,pedestrian,0.287,488,163,515,213,11.871
0000000113,0,pedestrian,0.900,922,146,1002,323,7.636
0000000113,1,car,0.697,1045,185,1166,226,24.808
0000000113,2,pedestrian,0.678,253,152,281,203,29.793
0000000113,3,pedestrian,0.459,508,150,557,267,11.871
0000000113,4,pedestrian,0.386,570,162,629,278,10.951
0000000113,5,pedestrian,0.383,196,151,225,204,33.032
0000000114,0,pedestrian,0.721,503,151,552,266,11.802
0000000114,1,pedestrian,0.661,930,159,1024,316,7.616
0000000114,2,car,0.642,1034,184,1173,225,24.808
0000000114,3,pedestrian,0.476,565,162,623,279,9.996
0000000114,4,pedestrian,0.448,198,152,227,205,30.852
0000000114,5,pedestrian,0.423,249,153,277,203,29.940
0000000114,6,pedestrian,0.384,595,149,637,268,10.951
0000000115,0,pedestrian,0.742,600,162,646,278,4.407
0000000115,1,car,0.677,1031,185,1175,227,24.808
0000000115,2,pedestrian,0.672,922,161,1028,334,7.448
0000000115,3,pedestrian,0.598,506,166,556,277,11.643
0000000115,4,pedestrian,0.592,555,160,606,282,9.819
0000000115,5,pedestrian,0.484,251,154,279,204,29.362
0000000115,6,pedestrian,0.398,198,154,233,223,19.993
0000000116,0,pedestrian,0.790,971,157,1043,333,7.305
0000000116,1,car,0.678,1042,185,1177,225,24.909
0000000116,2,pedestrian,0.513,252,153,278,204,29.220
0000000116,3,pedestrian,0.330,190,152,220,205,31.656
0000000116,4,pedestrian,0.276,603,163,647,279,9.756
0000000117,0,car,0.609,1049,185,1174,225,24.909
0000000117,1,pedestrian,0.422,522,158,557,258,11.511
0000000117,2,pedestrian,0.342,558,165,597,248,11.511
0000000117,3,pedestrian,0.275,606,169,650,273,9.725
0000000118,0,car,0.510,1078,186,1221,226,25.324
0000000118,1,pedestrian,0.367,976,154,1074,338,7.117
0000000118,2,pedestrian,0.354,524,150,562,265,11.511
0000000118,3,pedestrian,0.310,566,169,624,275,9.587
0000000119,0,pedestrian,0.846,1005,149,1098,343,7.043
0000000119,1,pedestrian,0.721,531,168,569,269,11.468
0000000119,2,pedestrian,0.605,564,166,614,277,11.533
0000000119,3,car,0.531,1089,187,1222,228,25.430
0000000119,4,pedestrian,0.499,604,163,654,285,9.482
0000000119,5,pedestrian,0.464,191,153,223,205,19.113
0000000119,6,pedestrian,0.403,467,160,491,219,23.742
0000000119,7,pedestrian,0.343,251,155,279,203,29.220
0000000119,8,pedestrian,0.304,1084,150,1111,200,7.332
0000000120,0,pedestrian,0.880,1025,140,1108,362,6.907
0000000120,1,pedestrian,0.758,610,168,656,280,9.237
0000000120,2,pedestrian,0.718,570,166,617,277,11.666
0000000120,3,pedestrian,0.507,194,148,219,209,19.113
0000000120,4,pedestrian,0.416,254,154,279,204,29.220
0000000120,5,pedestrian,0.371,536,167,577,272,11.318
0000000121,0,pedestrian,0.497,602,159,647,285,11.382
0000000121,1,pedestrian,0.483,551,160,613,280,11.276
0000000121,2,pedestrian,0.462,195,149,222,204,33.212
0000000121,3,car,0.431,950,186,1063,227,24.909
0000000121,4,pedestrian,0.406,1047,135,1133,361,6.783
0000000121,5,pedestrian,0.402,251,153,275,206,27.627
0000000121,6,pedestrian,0.275,541,162,579,276,11.214
0000000122,0,pedestrian,0.779,550,160,600,279,11.193
0000000122,1,car,0.448,945,188,1070,223,24.409
0000000122,2,pedestrian,0.392,251,151,275,205,28.942
0000000122,3,pedestrian,0.333,603,159,642,283,11.446
0000000122,4,pedestrian,0.325,202,149,229,206,33.766
0000000122,5,pedestrian,0.315,1067,146,1141,352,6.664
0000000122,6,car,0.280,1015,188,1071,216,23.695
0000000123,0,pedestrian,0.466,1079,151,1163,349,6.599
0000000123,1,pedestrian,0.292,555,142,608,274,11.132
0000000124,0,pedestrian,0.826,561,164,610,277,10.951
0000000124,1,pedestrian,0.526,1068,154,1225,344,6.875
0000000124,2,pedestrian,0.478,603,164,652,280,11.111
0000000124,3,car,0.376,997,185,1107,226,23.835
0000000124,4,pedestrian,0.340,202,153,232,205,33.766
0000000124,5,car,0.325,1064,184,1119,223,23.558
0000000124,6,pedestrian,0.250,936,159,994,284,9.423
0000000125,0,pedestrian,0.892,1086,164,1222,351,6.564
0000000125,1,pedestrian,0.646,162,153,198,223,18.252
0000000125,2,pedestrian,0.615,249,153,274,206,27.627
0000000125,3,pedestrian,0.610,573,163,623,277,10.873
0000000125,4,pedestrian,0.610,598,163,645,279,10.853
0000000125,5,car,0.593,1052,184,1139,223,24.508
0000000125,6,pedestrian,0.402,904,143,959,330,7.167
0000000125,7,pedestrian,0.386,209,155,235,204,32.329
0000000125,8,pedestrian,0.294,933,157,1001,309,8.912
0000000126,0,car,0.756,1046,185,1159,226,24.023
0000000126,1,pedestrian,0.643,574,163,631,276,10.853
0000000126,2,pedestrian,0.575,1100,156,1222,347,6.331
0000000126,3,pedestrian,0.373,162,151,192,225,18.143
0000000126,4,pedestrian,0.340,248,155,274,204,27.378
0000000126,5,pedestrian,0.339,985,153,1055,288,8.991
0000000126,6,pedestrian,0.336,207,153,233,206,31.989
0000000127,0,car,0.731,1058,185,1166,228,23.835
0000000127,1,pedestrian,0.593,160,155,190,224,18.089
0000000127,2,pedestrian,0.527,917,154,1001,343,6.899
0000000127,3,pedestrian,0.525,582,158,628,278,10.644
0000000127,4,pedestrian,0.498,1170,143,1223,359,6.202
0000000127,5,pedestrian,0.397,998,162,1087,277,8.796
0000000127,6,pedestrian,0.356,250,155,275,206,27.133
0000000127,7,car,0.280,1117,187,1178,223,23.558
0000000128,0,pedestrian,0.597,156,152,184,227,17.772
0000000128,1,pedestrian,0.486,910,149,1035,347,6.791
0000000128,2,pedestrian,0.473,244,154,270,205,27.378
0000000128,3,pedestrian,0.447,1191,152,1223,262,6.152
0000000128,4,pedestrian,0.351,202,153,227,209,32.502
0000000128,5,pedestrian,0.252,982,163,1014,214,7.421
0000000129,0,pedestrian,0.833,1051,143,1149,298,8.372
0000000129,1,pedestrian,0.691,923,146,1022,353,6.391
0000000129,2,pedestrian,0.483,598,159,649,281,10.515
0000000129,3,pedestrian,0.377,155,151,181,203,17.267
0000000129,4,pedestrian,0.301,247,153,272,205,27.013
0000000129,5,pedestrian,0.268,199,154,225,207,32.677
0000000130,0,pedestrian,0.683,602,160,649,281,10.443
0000000130,1,pedestrian,0.669,929,140,1005,360,6.189
0000000130,2,pedestrian,0.525,1111,150,1214,315,8.082
0000000130,3,pedestrian,0.463,978,148,1045,370,6.556
0000000131,0,car,0.780,1051,184,1152,229,23.929
0000000131,1,pedestrian,0.720,924,150,1070,351,6.411
0000000131,2,pedestrian,0.475,604,191,648,281,10.461
0000000131,3,pedestrian,0.454,1165,148,1222,317,7.853
0000000131,4,pedestrian,0.382,140,154,171,228,17.415
0000000132,0,car,0.589,1067,183,1164,227,24.311
0000000132,1,pedestrian,0.485,920,148,1090,355,6.438
0000000132,2,car,0.404,1111,188,1180,223,24.215
0000000132,3,pedestrian,0.335,604,188,653,278,10.552
0000000132,4,pedestrian,0.296,137,153,171,228,31.492
0000000132,5,pedestrian,0.281,1179,162,1223,272,7.792
0000000133,0,pedestrian,0.694,981,161,1144,358,6.331
0000000133,1,pedestrian,0.355,553,164,590,240,18.089
0000000133,2,pedestrian,0.336,144,151,174,203,31.656
0000000133,3,car,0.311,1090,186,1222,229,25.012
0000000133,4,pedestrian,0.274,195,151,221,206,32.158
0000000133,5,pedestrian,0.270,615,192,656,277,4.748
0000000133,6,pedestrian,0.257,251,151,274,206,26.198
0000000134,0,pedestrian,0.778,1006,159,1143,360,6.145
0000000134,1,car,0.460,1107,188,1218,231,25.324
0000000134,2,pedestrian,0.420,193,149,219,208,32.329
0000000134,3,pedestrian,0.321,148,151,178,201,31.656
0000000134,4,pedestrian,0.270,251,151,274,205,26.311
0000000135,0,pedestrian,0.596,1054,137,1135,392,5.861
0000000135,1,pedestrian,0.571,557,155,591,235,17.415
0000000135,2,pedestrian,0.478,194,150,221,206,31.989
0000000135,3,pedestrian,0.357,248,151,272,207,25.645
0000000135,4,pedestrian,0.320,161,148,190,199,31.656
0000000136,0,pedestrian,0.608,196,152,223,208,31.656
0000000136,1,pedestrian,0.486,1047,153,1170,367,5.924
0000000136,2,car,0.472,939,188,1072,222,25.645
0000000136,3,pedestrian,0.448,565,150,602,238,17.218
0000000136,4,pedestrian,0.376,244,150,269,208,25.645
0000000136,5,pedestrian,0.303,165,147,192,200,31.656
0000000136,6,pedestrian,0.297,521,162,545,217,15.952
0000000136,7,pedestrian,0.268,581,160,606,219,17.218
0000000137,0,pedestrian,0.740,244,148,271,209,25.537
0000000137,1,pedestrian,0.677,1039,166,1196,362,5.912
0000000137,2,pedestrian,0.625,196,152,226,202,31.821
0000000137,3,car,0.592,943,188,1072,221,25.012
0000000137,4,pedestrian,0.435,514,169,543,244,15.787
0000000137,5,pedestrian,0.293,164,149,194,199,31.821
0000000137,6,pedestrian,0.287,572,166,611,242,16.561
0000000138,0,pedestrian,0.725,1028,173,1214,360,5.947
0000000138,1,pedestrian,0.593,196,151,224,202,31.989
0000000138,2,pedestrian,0.580,577,160,617,244,16.516
0000000138,3,car,0.561,945,187,1075,222,24.707
0000000138,4,pedestrian,0.532,244,150,271,208,25.430
0000000138,5,car,0.416,1066,184,1119,222,23.742
0000000138,6,pedestrian,0.282,163,149,193,199,31.656
0000000139,0,pedestrian,0.666,241,154,269,208,25.430
0000000139,1,pedestrian,0.591,195,151,223,205,31.492
0000000139,2,car,0.569,1046,186,1141,224,24.311
0000000139,3,pedestrian,0.562,1078,157,1220,362,5.670
0000000139,4,pedestrian,0.505,584,163,623,245,16.251
0000000139,5,car,0.486,944,187,1076,221,24.909
0000000140,0,pedestrian,0.758,195,151,224,206,31.329
0000000140,1,car,0.737,1050,184,1165,223,24.215
0000000140,2,pedestrian,0.603,597,161,632,247,2.977
0000000140,3,car,0.527,943,187,1069,220,25.012
0000000140,4,car,0.341,1114,187,1160,224,24.808
0000000140,5,cyclist,0.331,525,187,565,252,14.610
0000000140,6,pedestrian,0.287,244,151,269,207,25.537
0000000140,7,pedestrian,0.264,162,149,193,198,31.656
0000000140,8,pedestrian,0.260,1098,153,1219,367,5.393
0000000141,0,pedestrian,0.760,598,161,635,248,3.104
0000000141,1,pedestrian,0.695,194,155,227,206,30.696
0000000141,2,car,0.629,1044,184,1175,224,24.119
0000000141,3,pedestrian,0.477,540,156,570,257,14.069
0000000141,4,car,0.476,949,187,1067,221,24.808
0000000141,5,car,0.396,1116,187,1179,222,24.119
0000000142,0,car,0.728,1053,184,1172,225,24.607
0000000142,1,pedestrian,0.725,189,151,222,204,31.329
0000000142,2,pedestrian,0.678,604,162,640,250,4.745
0000000142,3,car,0.536,945,187,1068,221,25.012
0000000142,4,pedestrian,0.446,545,159,574,257,13.940
0000000142,5,pedestrian,0.264,236,153,262,203,25.324
0000000142,6,car,0.261,1112,190,1180,223,24.409
0000000143,0,pedestrian,0.685,190,149,219,209,31.010
0000000143,1,pedestrian,0.597,608,162,647,250,4.756
0000000143,2,pedestrian,0.507,546,165,595,253,13.567
0000000143,3,car,0.499,942,187,1071,220,24.909
0000000143,4,car,0.465,1048,185,1173,224,24.909
0000000143,5,pedestrian,0.344,234,152,262,201,25.219
0000000143,6,car,0.296,958,188,1213,233,24.607
0000000144,0,pedestrian,0.745,188,147,216,211,31.010
0000000144,1,pedestrian,0.534,553,167,599,254,13.156
0000000144,2,car,0.519,1050,185,1172,224,25.012
0000000144,3,pedestrian,0.499,235,153,265,202,37.288
0000000144,4,car,0.466,944,187,1069,221,25.012
0000000144,5,pedestrian,0.449,614,168,653,250,2.591
0000000144,6,car,0.288,963,188,1214,233,24.808
0000000145,0,pedestrian,0.624,188,147,217,209,29.648
0000000145,1,car,0.506,1053,185,1172,225,25.012
0000000145,2,car,0.464,946,187,1068,222,24.808
0000000145,3,cyclist,0.446,558,198,617,267,12.769
0000000145,4,cyclist,0.424,608,183,658,259,4.752
0000000145,5,car,0.266,961,187,1213,234,24.808
0000000146,0,pedestrian,0.586,190,150,222,207,25.537
0000000146,1,car,0.519,1049,185,1174,224,25.012
0000000146,2,car,0.460,946,187,1069,221,24.808
0000000146,3,cyclist,0.441,569,201,629,268,12.610
0000000146,4,pedestrian,0.373,569,170,614,249,12.662
0000000146,5,car,0.273,964,188,1215,234,24.707
0000000147,0,pedestrian,0.775,189,147,216,208,26.425
0000000147,1,car,0.489,1046,185,1170,224,24.909
0000000147,2,car,0.384,943,187,1069,221,24.808
0000000147,3,cyclist,0.378,573,199,634,270,12.328
0000000147,4,car,0.281,957,187,1213,234,24.707
0000000148,0,cyclist,0.713,588,197,658,273,12.205
0000000148,1,pedestrian,0.656,189,149,218,209,24.707
0000000148,2,car,0.585,1055,185,1174,224,25.115
0000000148,3,car,0.468,950,187,1067,222,24.808
0000000149,0,cyclist,0.715,592,193,656,274,12.083
0000000149,1,pedestrian,0.609,192,149,232,209,23.929
0000000149,2,car,0.542,1054,185,1173,225,25.012
0000000149,3,car,0.430,959,187,1068,223,24.311
0000000149,4,car,0.296,971,186,1217,234,24.707
0000000150,0,cyclist,0.717,597,190,660,275,4.882
0000000150,1,pedestrian,0.636,191,150,233,210,23.929
0000000150,2,car,0.509,1054,185,1174,225,25.012
0000000150,3,pedestrian,0.440,900,140,970,332,6.907
0000000150,4,car,0.424,979,189,1219,235,24.508
0000000150,5,car,0.304,987,188,1068,218,24.023
0000000151,0,car,0.689,1054,185,1171,225,25.012
0000000151,1,cyclist,0.671,607,193,657,276,4.752
0000000151,2,pedestrian,0.623,191,151,231,211,23.835
0000000151,3,car,0.479,994,185,1066,219,24.023
0000000151,4,pedestrian,0.313,910,149,983,322,6.868
0000000151,5,car,0.255,984,189,1224,236,24.311
0000000152,0,car,0.753,1051,184,1171,225,25.012
0000000152,1,cyclist,0.541,603,173,661,269,4.748
0000000152,2,pedestrian,0.512,906,150,996,349,6.776
0000000152,3,pedestrian,0.463,198,152,229,208,23.742
0000000152,4,car,0.354,991,188,1224,243,24.119
0000000153,0,pedestrian,0.801,919,149,1008,349,6.738
0000000153,1,car,0.758,1053,184,1169,226,24.909
0000000153,2,pedestrian,0.533,192,152,233,213,23.649
0000000153,3,car,0.344,1011,185,1069,220,23.835
0000000154,0,car,0.754,1054,185,1166,227,24.909
0000000154,1,pedestrian,0.642,918,151,1011,343,6.642
0000000154,2,pedestrian,0.484,188,152,229,212,23.649
0000000154,3,car,0.357,1018,185,1071,220,23.929
0000000154,4,pedestrian,0.317,425,165,452,215,23.110
0000000155,0,pedestrian,0.734,189,150,229,212,23.649
0000000155,1,car,0.675,1044,185,1171,226,24.909
0000000155,2,pedestrian,0.567,929,148,1017,325,7.372
0000000156,0,car,0.667,1055,185,1171,227,24.909
0000000156,1,pedestrian,0.604,189,150,227,212,23.649
0000000156,2,pedestrian,0.587,929,152,1019,318,7.430
0000000156,3,pedestrian,0.346,973,150,1046,319,6.438
0000000157,0,pedestrian,0.719,187,148,227,213,23.376
0000000157,1,car,0.605,1055,183,1155,227,24.607
0000000157,2,car,0.476,1088,186,1222,227,25.324
0000000157,3,pedestrian,0.395,907,170,996,324,7.645
0000000157,4,pedestrian,0.339,916,153,1078,347,7.314
0000000157,5,pedestrian,0.255,1024,160,1080,251,6.338
0000000158,0,car,0.557,1085,187,1219,228,25.324
0000000158,1,pedestrian,0.461,187,149,227,214,23.110
0000000159,0,pedestrian,0.467,205,150,231,212,22.849
0000000159,1,pedestrian,0.294,167,153,193,209,22.594
0000000159,2,pedestrian,0.283,975,149,1046,343,7.210
0000000159,3,pedestrian,0.254,902,145,950,298,8.418
0000000160,0,pedestrian,0.595,895,149,956,315,8.180
0000000160,1,pedestrian,0.414,207,152,235,207,34.145
0000000160,2,pedestrian,0.359,981,146,1116,348,7.051
0000000160,3,pedestrian,0.267,188,149,226,215,23.198
0000000160,4,pedestrian,0.260,166,161,195,215,22.679
0000000161,0,pedestrian,0.449,194,152,224,209,22.935
0000000161,1,pedestrian,0.266,1079,147,1141,265,6.066
0000000161,2,pedestrian,0.257,985,148,1132,350,6.922
0000000162,0,pedestrian,0.517,1068,140,1147,358,6.018
0000000162,1,pedestrian,0.450,1002,145,1083,352,7.035
0000000162,2,pedestrian,0.405,914,153,987,318,7.935
0000000162,3,pedestrian,0.404,164,147,201,214,22.345
0000000162,4,pedestrian,0.379,191,150,220,207,23.154
0000000163,0,pedestrian,0.593,1039,162,1179,354,6.364
0000000163,1,pedestrian,0.499,189,150,217,209,22.594
0000000163,2,pedestrian,0.375,917,153,981,317,7.752
0000000163,3,pedestrian,0.272,165,151,190,210,22.345
0000000163,4,pedestrian,0.268,1018,148,1094,348,7.002
0000000164,0,pedestrian,0.593,1032,156,1109,337,6.915
0000000164,1,pedestrian,0.562,1101,137,1186,364,5.861
0000000164,2,pedestrian,0.519,910,157,991,335,7.430
0000000164,3,pedestrian,0.410,190,150,216,210,22.428
0000000164,4,pedestrian,0.263,158,160,188,216,22.345
0000000165,0,pedestrian,0.734,913,146,1003,322,7.467
0000000165,1,pedestrian,0.538,157,148,194,217,22.345
0000000165,2,pedestrian,0.277,198,150,224,206,34.533
0000000166,0,pedestrian,0.593,153,159,180,219,22.101
0000000166,1,pedestrian,0.589,914,155,1066,331,7.550
0000000166,2,pedestrian,0.548,1066,154,1153,347,6.776
0000000166,3,pedestrian,0.324,1117,149,1224,369,5.723
0000000167,0,cyclist,0.589,912,213,1070,326,7.607
0000000167,1,pedestrian,0.558,152,159,179,217,22.101
0000000167,2,pedestrian,0.530,1156,139,1223,358,5.664
0000000167,3,pedestrian,0.410,984,155,1054,315,7.597
0000000167,4,pedestrian,0.364,1070,156,1159,344,6.679
0000000167,5,pedestrian,0.337,192,151,217,206,34.533
0000000168,0,pedestrian,0.626,969,152,1051,340,7.067
0000000168,1,pedestrian,0.499,147,162,176,217,22.021
0000000168,2,pedestrian,0.430,1078,161,1222,358,6.556
0000000168,3,pedestrian,0.410,190,152,217,206,34.338
0000000168,4,cyclist,0.301,319,178,354,258,13.184
0000000169,0,pedestrian,0.896,975,152,1067,343,7.051
0000000169,1,pedestrian,0.702,1113,150,1212,349,6.507
0000000169,2,pedestrian,0.426,185,152,215,204,34.338
0000000169,3,pedestrian,0.396,148,149,184,216,21.401
0000000169,4,pedestrian,0.338,1041,155,1093,230,8.202
0000000169,5,cyclist,0.251,301,196,343,265,12.610
0000000170,0,pedestrian,0.601,147,158,172,220,21.251
0000000170,1,cyclist,0.418,288,199,333,269,11.941
0000000170,2,pedestrian,0.323,1068,154,1138,232,8.061
0000000170,3,pedestrian,0.318,1116,153,1215,346,6.514
0000000170,4,pedestrian,0.294,976,163,1077,334,7.059
0000000171,0,pedestrian,0.424,1117,149,1215,323,6.500
0000000171,1,cyclist,0.360,273,198,318,273,11.425
0000000171,2,pedestrian,0.345,149,158,175,218,21.177
0000000172,0,pedestrian,0.767,154,153,191,219,21.177
0000000172,1,cyclist,0.600,970,214,1162,325,7.541
0000000172,2,pedestrian,0.565,1111,145,1222,350,6.459
0000000172,3,cyclist,0.359,245,193,299,278,10.776
0000000172,4,pedestrian,0.294,196,152,225,202,34.533
0000000173,0,pedestrian,0.740,146,154,184,219,21.104
0000000173,1,cyclist,0.627,228,206,286,288,10.198
0000000173,2,pedestrian,0.556,1166,140,1222,362,6.344
0000000173,3,pedestrian,0.319,1036,141,1117,358,6.535
0000000174,0,pedestrian,0.779,149,153,185,219,21.104
0000000174,1,cyclist,0.757,210,204,275,293,9.571
0000000174,2,car,0.570,1120,187,1175,224,25.219
0000000174,3,pedestrian,0.504,1053,147,1135,357,6.438
0000000174,4,cyclist,0.441,911,222,996,306,8.360
0000000174,5,car,0.413,979,187,1068,226,23.742
0000000174,6,pedestrian,0.339,902,157,970,285,8.349
0000000175,0,pedestrian,0.735,141,153,178,218,21.031
0000000175,1,cyclist,0.683,184,214,250,308,8.964
0000000175,2,cyclist,0.585,886,212,1037,309,8.383
0000000175,3,pedestrian,0.473,1042,149,1173,351,6.500
0000000175,4,pedestrian,0.469,909,158,990,283,8.360
0000000175,5,car,0.299,991,187,1070,229,23.742
0000000176,0,cyclist,0.847,892,217,1045,305,8.337
0000000176,1,pedestrian,0.786,925,155,1014,285,8.297
0000000176,2,cyclist,0.626,158,217,237,309,8.501
0000000176,3,pedestrian,0.567,1073,164,1170,360,6.338
0000000176,4,car,0.463,1014,186,1074,217,23.742
0000000176,5,pedestrian,0.393,139,148,177,216,20.533
0000000176,6,car,0.294,982,188,1046,220,23.742
0000000177,0,cyclist,0.862,908,224,1080,307,8.372
0000000177,1,cyclist,0.611,110,217,211,335,8.018
0000000177,2,pedestrian,0.608,126,153,199,287,7.935
0000000177,3,pedestrian,0.555,935,157,1019,285,8.247
0000000177,4,pedestrian,0.463,1085,163,1215,354,6.528
0000000177,5,car,0.419,1008,184,1105,228,23.835
0000000177,6,car,0.264,1058,182,1132,229,23.695
0000000178,0,cyclist,0.967,915,226,1095,307,8.303
0000000178,1,pedestrian,0.765,1118,137,1213,366,6.259
0000000178,2,cyclist,0.694,27,231,203,351,7.883
0000000178,3,car,0.679,1044,184,1141,227,24.311
0000000178,4,pedestrian,0.312,975,158,1058,283,8.169
0000000178,5,pedestrian,0.264,78,165,167,301,7.684
0000000179,0,car,0.610,1064,185,1152,229,23.742
0000000179,1,cyclist,0.546,930,215,1117,310,8.247
0000000179,2,pedestrian,0.475,1124,144,1215,358,6.139
0000000179,3,pedestrian,0.353,983,155,1071,259,8.072
0000000179,4,pedestrian,0.298,131,154,166,220,20.059
0000000180,0,cyclist,0.698,974,225,1152,312,8.104
0000000180,1,pedestrian,0.688,1155,145,1222,378,6.030
0000000180,2,pedestrian,0.544,1028,161,1107,303,8.018
0000000180,3,car,0.404,1078,182,1145,232,23.110
0000000180,4,pedestrian,0.373,947,177,992,241,18.089
0000000180,5,pedestrian,0.255,157,146,182,205,31.821
0000000180,6,pedestrian,0.252,138,167,164,220,19.993
0000000181,0,cyclist,0.813,980,224,1176,313,8.061
0000000181,1,car,0.513,1112,187,1171,227,23.742
0000000181,2,pedestrian,0.338,1054,162,1140,309,7.945
0000000181,3,pedestrian,0.330,1174,150,1222,351,6.338
0000000182,0,cyclist,0.590,1023,223,1212,312,7.893
0000000182,1,pedestrian,0.493,146,150,174,206,31.656
0000000182,2,pedestrian,0.434,1076,161,1165,309,7.812
0000000182,3,car,0.428,972,185,1066,225,23.558
0000000182,4,pedestrian,0.268,131,153,167,221,31.656
0000000183,0,pedestrian,0.392,1104,169,1227,360,7.597
0000000183,1,car,0.319,1000,183,1096,231,23.558
0000000183,2,pedestrian,0.286,147,151,173,205,31.656
0000000183,3,pedestrian,0.281,136,160,161,222,31.656
0000000184,0,car,0.780,1046,186,1157,225,24.023
0000000184,1,pedestrian,0.367,1163,155,1222,315,7.476
0000000184,2,pedestrian,0.292,146,151,174,202,31.656
0000000185,0,car,0.751,1053,185,1172,226,24.808
0000000185,1,car,0.298,1115,188,1180,222,25.012
0000000186,0,car,0.601,1044,185,1170,225,24.607
0000000187,0,car,0.450,1046,185,1165,226,24.215
0000000187,1,car,0.438,962,187,1067,226,24.119
0000000188,0,car,0.586,949,187,1070,222,24.909
0000000188,1,car,0.361,1059,183,1147,233,24.607
0000000188,2,car,0.252,1094,188,1211,229,25.324
0000000189,0,car,0.481,951,187,1070,223,24.808
0000000189,1,car,0.252,1063,182,1142,235,23.649
0000000190,0,car,0.532,947,187,1070,224,24.808
0000000190,1,car,0.299,1062,184,1151,233,23.929
0000000191,0,car,0.539,954,187,1068,223,24.707
0000000191,1,pedestrian,0.270,1109,183,1184,248,18.934
0000000191,2,car,0.262,969,188,1198,241,23.835
0000000192,0,car,0.502,1054,185,1157,225,24.023
0000000192,1,car,0.459,946,187,1068,222,24.808
0000000192,2,car,0.335,965,188,1188,236,23.929
0000000193,0,car,0.588,1046,185,1159,223,24.119
0000000193,1,car,0.566,947,187,1064,222,24.707
0000000194,0,car,0.677,1047,185,1168,223,24.909
0000000194,1,car,0.524,948,187,1066,222,24.707
0000000195,0,car,0.717,1048,185,1173,224,24.707
0000000195,1,car,0.560,943,187,1067,221,24.909
0000000195,2,car,0.274,1113,188,1177,220,25.012
0000000196,0,car,0.687,1050,185,1169,224,25.012
0000000196,1,car,0.522,945,187,1068,221,25.012
0000000196,2,car,0.274,1114,190,1180,222,25.219
0000000197,0,car,0.652,1050,185,1168,224,24.909
0000000197,1,car,0.422,949,187,1067,222,24.909
0000000197,2,pedestrian,0.261,189,154,226,197,34.338
0000000198,0,car,0.528,1048,185,1173,224,25.012
0000000198,1,car,0.432,947,187,1066,222,25.012
0000000198,2,car,0.309,965,188,1212,236,24.607
0000000199,0,car,0.493,1049,185,1173,224,25.012
0000000199,1,car,0.461,946,187,1068,221,24.909
0000000199,2,car,0.284,962,187,1216,234,24.808
0000000200,0,car,0.575,1049,185,1172,224,25.012
0000000200,1,car,0.480,948,187,1066,221,24.909
0000000201,0,car,0.474,946,187,1069,221,24.909
0000000201,1,car,0.473,1049,185,1172,224,25.012
0000000201,2,car,0.300,961,188,1218,233,24.909
0000000202,0,car,0.478,1047,185,1173,225,25.012
0000000202,1,car,0.478,945,187,1068,221,25.012
0000000202,2,car,0.291,960,188,1214,234,24.909
0000000203,0,car,0.489,945,187,1069,220,24.707
0000000203,1,car,0.466,1047,185,1173,224,25.012
0000000203,2,car,0.315,961,188,1214,235,24.607
0000000204,0,car,0.473,944,188,1069,222,24.707
0000000204,1,car,0.460,1049,185,1171,224,25.012
0000000204,2,car,0.307,957,188,1213,235,24.707
0000000205,0,car,0.517,1048,185,1172,224,24.909
0000000205,1,car,0.508,944,187,1068,221,24.808
0000000205,2,car,0.288,964,188,1213,235,24.607
0000000206,0,car,0.533,945,187,1070,220,24.808
0000000206,1,car,0.523,1048,185,1172,225,24.808
0000000206,2,car,0.371,963,189,1214,233,24.215
0000000207,0,car,0.654,1049,185,1172,227,24.508
0000000207,1,car,0.542,946,187,1067,221,24.909
0000000207,2,pedestrian,0.318,1176,153,1222,317,7.924
0000000207,3,car,0.260,1116,189,1183,223,24.508
0000000208,0,car,0.713,1050,185,1165,226,24.119
0000000208,1,car,0.545,947,187,1068,222,24.909
0000000208,2,car,0.363,1119,189,1179,224,24.311
0000000208,3,pedestrian,0.289,183,153,218,197,33.766
