frame,object_id,label,score,x1,y1,x2,y2,X,Y,Z
0,0,pedestrian,0.714,526,196,612,447,-0.251,1.009,5.059
0,1,cyclist,0.595,268,263,435,378,-3.252,1.802,9.103
0,2,pedestrian,0.478,412,208,581,453,-0.783,1.091,5.144
1,0,cyclist,0.697,268,265,448,381,-3.085,1.786,8.864
1,1,pedestrian,0.601,427,209,589,457,-0.664,1.054,4.888
1,2,pedestrian,0.498,569,189,627,425,-0.042,0.873,4.880
1,3,pedestrian,0.293,640,184,670,256,0.823,0.638,11.430
1,4,pedestrian,0.264,595,176,624,262,0.091,0.644,11.830
2,0,pedestrian,0.936,567,185,653,431,0.041,0.873,4.841
2,1,pedestrian,0.709,467,200,559,448,-0.609,0.960,4.728
2,2,cyclist,0.587,269,264,452,379,-3.032,1.755,8.800
3,0,pedestrian,0.620,583,177,658,466,0.111,0.957,4.799
3,1,cyclist,0.534,269,261,453,379,-3.052,1.751,8.877
3,2,cyclist,0.287,417,252,498,365,-1.657,1.446,7.990
4,0,pedestrian,0.677,585,189,683,458,0.201,0.958,4.739
4,1,pedestrian,0.517,493,197,594,449,-0.388,0.912,4.524
4,2,cyclist,0.454,267,261,458,378,-3.011,1.732,8.812
4,3,cyclist,0.275,413,248,509,364,-1.538,1.349,7.601
5,0,pedestrian,0.885,605,198,695,455,0.296,0.940,4.555
5,1,pedestrian,0.649,497,208,611,445,-0.317,0.924,4.474
5,2,cyclist,0.472,268,261,459,379,-2.981,1.729,8.762
5,3,cyclist,0.323,411,250,515,364,-1.522,1.365,7.629
6,0,pedestrian,0.856,623,192,706,456,0.375,0.892,4.394
6,1,pedestrian,0.621,522,203,670,470,-0.050,0.964,4.368
6,2,cyclist,0.560,283,231,489,373,-2.672,1.488,8.662
6,3,cyclist,0.391,452,254,541,364,-1.173,1.401,7.707
6,4,pedestrian,0.273,596,174,636,276,0.254,0.947,15.051
7,0,cyclist,0.682,280,231,514,369,-2.487,1.435,8.492
7,1,pedestrian,0.575,643,190,716,452,0.460,0.856,4.309
7,2,pedestrian,0.358,549,200,651,449,-0.024,0.855,4.199
7,3,cyclist,0.289,451,250,538,360,-1.257,1.428,8.107
8,0,cyclist,0.691,282,229,526,370,-2.390,1.421,8.445
8,1,pedestrian,0.477,574,195,653,458,0.055,0.847,4.103
8,2,pedestrian,0.372,660,189,741,459,0.580,0.863,4.252
8,3,pedestrian,0.258,550,188,578,266,-0.792,0.919,13.978
9,0,pedestrian,0.810,589,190,675,460,0.159,0.825,4.038
9,1,pedestrian,0.718,671,188,759,458,0.662,0.851,4.223
9,2,cyclist,0.701,285,230,528,370,-2.370,1.433,8.481
9,3,pedestrian,0.392,553,186,580,271,-0.931,1.189,17.523
10,0,pedestrian,0.666,604,195,767,487,0.480,0.947,4.171
10,1,cyclist,0.563,295,229,527,373,-2.290,1.429,8.387
10,2,pedestrian,0.450,554,188,586,263,-0.550,0.726,11.408
10,3,pedestrian,0.282,596,173,632,243,0.208,0.575,14.795
10,4,pedestrian,0.255,253,182,316,393,-4.084,1.367,9.035
11,0,pedestrian,0.929,611,194,780,498,0.526,0.952,4.067
11,1,cyclist,0.538,297,229,527,371,-2.251,1.400,8.284
11,2,cyclist,0.317,447,247,534,360,-1.294,1.401,8.054
11,3,pedestrian,0.301,600,184,632,258,0.252,0.856,14.940
11,4,pedestrian,0.299,552,186,581,260,-0.610,0.690,11.473
12,0,pedestrian,0.892,622,199,797,494,0.870,1.369,5.833
12,1,cyclist,0.603,303,232,531,373,-2.171,1.416,8.206
12,2,pedestrian,0.581,559,186,588,269,-0.498,0.765,11.516
12,3,pedestrian,0.508,612,184,646,260,0.518,0.862,14.687
12,4,pedestrian,0.328,727,189,808,465,0.955,0.856,4.131
12,5,cyclist,0.310,445,246,534,361,-1.300,1.395,8.022
13,0,pedestrian,0.720,662,199,800,492,1.188,1.544,6.617
13,1,cyclist,0.660,350,232,533,369,-1.872,1.381,8.140
13,2,pedestrian,0.638,734,202,827,484,1.730,1.593,6.933
13,3,cyclist,0.331,257,235,363,412,-3.469,1.687,8.341
13,4,pedestrian,0.256,606,187,642,257,0.377,0.786,13.393
14,0,cyclist,0.673,353,233,533,368,-1.845,1.374,8.097
14,1,pedestrian,0.521,703,185,834,491,2.049,1.963,8.812
14,2,pedestrian,0.318,607,185,639,262,0.360,0.818,13.453
14,3,pedestrian,0.302,564,186,590,263,-0.427,0.693,11.137
14,4,cyclist,0.293,446,248,534,360,-1.305,1.412,8.086
14,5,cyclist,0.276,246,234,450,410,-2.868,1.584,7.917
15,0,cyclist,0.687,367,228,533,374,-1.760,1.376,8.075
15,1,pedestrian,0.527,771,188,871,499,3.151,2.368,10.271
15,2,pedestrian,0.411,565,189,593,268,-0.391,0.749,11.036
15,3,pedestrian,0.410,608,184,642,261,0.398,0.799,13.453
15,4,pedestrian,0.386,250,169,332,399,-3.439,1.137,7.766
16,0,cyclist,0.712,373,231,533,371,-1.696,1.353,7.938
16,1,pedestrian,0.503,639,188,671,262,0.801,0.700,11.116
16,2,pedestrian,0.439,690,192,873,504,2.522,2.381,10.051
16,3,pedestrian,0.388,600,182,630,264,0.177,0.688,11.451
16,4,pedestrian,0.303,563,189,590,270,-0.426,0.756,10.917
16,5,pedestrian,0.289,317,187,395,386,-2.586,1.105,7.370
16,6,pedestrian,0.269,255,176,313,275,-3.484,0.490,7.697
17,0,pedestrian,0.793,688,197,892,498,2.613,2.347,9.936
17,1,cyclist,0.605,410,241,534,365,-1.483,1.375,7.938
17,2,pedestrian,0.493,597,179,625,269,0.110,0.691,11.240
17,3,pedestrian,0.359,251,150,330,420,-3.305,1.101,7.452
17,4,pedestrian,0.337,642,186,671,262,0.823,0.683,11.096
17,5,pedestrian,0.306,1262,213,1384,510,7.738,1.948,7.610
17,6,cyclist,0.303,284,247,478,411,-2.351,1.565,7.452
17,7,pedestrian,0.259,561,186,587,269,-0.474,0.740,11.137
18,0,pedestrian,0.719,614,184,649,263,0.442,0.694,11.408
18,1,pedestrian,0.717,1245,223,1386,503,6.180,1.585,6.142
18,2,pedestrian,0.700,830,199,915,488,3.293,2.000,8.674
18,3,cyclist,0.546,411,244,536,361,-1.470,1.373,7.959
18,4,pedestrian,0.493,512,186,540,256,-1.835,0.951,16.614
18,5,pedestrian,0.446,747,207,896,509,2.523,2.060,8.206
18,6,pedestrian,0.431,1327,207,1388,513,5.399,1.286,5.067
18,7,pedestrian,0.328,562,182,589,264,-0.454,0.674,11.219
18,8,pedestrian,0.326,261,160,343,413,-3.085,1.083,7.222
18,9,cyclist,0.273,305,237,496,415,-2.107,1.506,7.317
19,0,pedestrian,0.674,1251,217,1384,503,4.036,1.016,4.000
19,1,pedestrian,0.604,611,182,642,267,0.388,0.761,12.235
19,2,pedestrian,0.566,845,194,928,497,3.300,1.928,8.262
19,3,pedestrian,0.522,509,185,538,254,-2.126,1.029,18.652
19,4,cyclist,0.423,366,227,531,380,-1.670,1.321,7.591
19,5,pedestrian,0.382,350,205,450,411,-1.961,1.225,6.794
19,6,pedestrian,0.378,769,170,870,515,3.007,2.262,9.871
19,7,pedestrian,0.328,560,180,588,264,-0.617,0.851,14.495
19,8,pedestrian,0.262,257,170,354,441,-3.032,1.269,7.179
20,0,pedestrian,0.699,604,182,636,268,0.252,0.703,11.178
20,1,pedestrian,0.691,301,192,383,416,-2.591,1.221,6.989
20,2,pedestrian,0.652,790,177,888,513,2.577,1.804,7.756
20,3,pedestrian,0.400,505,187,536,255,-2.083,1.009,17.625
20,4,pedestrian,0.380,1248,220,1345,496,3.918,1.004,4.000
20,5,pedestrian,0.376,368,203,468,408,-1.734,1.165,6.588
20,6,pedestrian,0.255,643,195,674,266,0.849,0.780,11.036
20,7,pedestrian,0.250,870,200,956,489,2.437,1.294,5.579
21,0,pedestrian,0.936,1194,207,1336,511,4.934,1.333,5.278
21,1,pedestrian,0.493,816,188,960,505,3.387,1.980,8.434
21,2,pedestrian,0.462,606,181,636,262,0.268,0.649,11.198
21,3,pedestrian,0.454,308,198,385,413,-2.450,1.189,6.726
21,4,pedestrian,0.392,501,187,533,252,-2.222,0.995,18.043
21,5,car,0.291,374,225,531,386,-1.601,1.321,7.470
21,6,pedestrian,0.258,565,184,597,254,-0.345,0.575,10.557
22,0,pedestrian,0.976,1141,218,1308,505,5.622,1.640,6.407
22,1,pedestrian,0.753,810,200,986,514,3.773,2.265,9.076
22,2,pedestrian,0.590,603,181,634,266,0.222,0.663,10.897
22,3,pedestrian,0.368,484,185,514,258,-2.353,0.918,15.835
22,4,pedestrian,0.315,308,189,410,421,-2.269,1.152,6.545
23,0,pedestrian,0.829,1131,216,1245,510,6.687,2.090,8.097
23,1,pedestrian,0.784,821,201,988,517,2.956,1.756,6.957
23,2,pedestrian,0.388,591,173,626,271,0.065,0.607,10.341
23,3,pedestrian,0.315,467,183,510,240,-3.238,0.868,19.807
23,4,pedestrian,0.299,333,179,437,393,-1.948,0.938,6.288
24,0,pedestrian,0.811,1117,206,1216,512,4.808,1.526,6.044
24,1,pedestrian,0.543,873,194,1001,521,3.178,1.689,6.749
24,2,pedestrian,0.495,337,187,434,424,-1.889,1.080,6.111
24,3,pedestrian,0.450,596,184,626,269,0.100,0.665,10.220
24,4,pedestrian,0.380,432,214,540,435,-0.992,1.209,5.938
24,5,pedestrian,0.356,943,188,1022,507,3.175,1.401,5.932
24,6,cyclist,0.320,262,273,346,380,-4.058,1.974,9.561
24,7,pedestrian,0.257,470,183,505,238,-3.298,0.848,20.002
25,0,pedestrian,0.827,441,211,548,434,-0.882,1.142,5.688
25,1,pedestrian,0.794,1093,222,1184,497,4.699,1.574,6.217
25,2,pedestrian,0.705,355,181,445,435,-1.719,1.074,5.956
25,3,pedestrian,0.617,891,182,987,508,3.600,1.768,7.601
25,4,pedestrian,0.600,596,185,632,275,0.144,0.720,10.289
25,5,pedestrian,0.391,958,223,1050,496,3.755,1.681,6.638
25,6,pedestrian,0.367,451,182,493,240,-3.774,0.871,20.201
25,7,pedestrian,0.338,562,182,592,257,-0.608,0.876,15.876
25,8,cyclist,0.332,260,272,358,382,-3.965,1.969,9.501
26,0,pedestrian,0.888,367,194,454,449,-1.544,1.125,5.641
26,1,pedestrian,0.755,476,193,561,422,-0.656,0.973,5.419
26,2,pedestrian,0.667,1003,212,1188,505,7.467,2.704,10.743
26,3,pedestrian,0.581,598,184,626,275,0.110,0.683,9.855
26,4,pedestrian,0.545,901,207,1074,507,4.132,1.902,7.620
26,5,cyclist,0.460,259,273,362,380,-4.132,2.055,9.952
27,0,pedestrian,0.567,494,203,581,440,-0.490,1.038,5.206
27,1,pedestrian,0.467,906,201,1129,517,4.115,1.777,7.038
27,2,pedestrian,0.465,595,184,625,278,0.082,0.698,9.776
27,3,pedestrian,0.363,405,207,496,436,-1.184,1.087,5.449
27,4,pedestrian,0.300,655,191,688,269,0.949,0.697,9.952
27,5,pedestrian,0.286,549,179,581,264,-0.878,0.920,15.876
27,6,cyclist,0.257,277,270,381,377,-3.847,2.000,9.887
28,0,pedestrian,0.835,493,209,607,433,-0.399,1.035,5.210
28,1,pedestrian,0.792,906,213,1129,504,3.300,1.421,5.643
28,2,pedestrian,0.677,594,183,629,281,0.103,0.713,9.792
28,3,pedestrian,0.364,536,180,567,268,-1.239,1.025,16.659
28,4,cyclist,0.270,274,268,391,380,-3.761,1.987,9.792
29,0,pedestrian,0.667,951,212,1126,505,3.828,1.568,6.230
29,1,pedestrian,0.653,517,211,615,436,-0.270,1.012,5.005
29,2,pedestrian,0.425,599,183,629,281,0.136,0.706,9.698
29,3,pedestrian,0.413,549,185,581,263,-0.873,0.972,15.794
29,4,cyclist,0.325,395,205,516,436,-1.089,1.026,5.184
29,5,pedestrian,0.316,648,189,678,272,0.832,0.706,9.985
29,6,cyclist,0.302,273,270,403,380,-3.667,1.991,9.745
30,0,pedestrian,0.737,930,215,1118,502,3.310,1.403,5.573
30,1,pedestrian,0.670,1061,189,1162,501,3.992,1.294,5.563
30,2,cyclist,0.646,279,227,489,377,-2.203,1.216,7.079
30,3,pedestrian,0.330,603,180,632,267,0.178,0.569,9.355
30,4,pedestrian,0.309,659,188,690,270,0.971,0.668,9.745
30,5,cyclist,0.301,400,222,530,424,-1.007,1.032,5.118
30,6,pedestrian,0.288,555,203,629,444,-0.081,0.960,4.747
30,7,pedestrian,0.266,547,179,578,243,-0.929,0.681,15.794
31,0,pedestrian,0.831,1032,191,1154,498,3.405,1.142,4.924
31,1,pedestrian,0.634,900,220,1018,471,3.332,1.549,6.638
31,2,pedestrian,0.577,567,244,648,444,0.022,1.060,4.582
31,3,pedestrian,0.435,412,173,552,474,-0.885,1.037,5.127
31,4,cyclist,0.375,271,266,404,379,-3.565,1.899,9.457
31,5,cyclist,0.267,358,268,445,376,-2.400,1.676,8.376
32,0,pedestrian,0.889,1036,193,1193,504,3.529,1.161,4.888
32,1,pedestrian,0.761,595,202,668,448,0.173,0.914,4.471
32,2,pedestrian,0.742,866,226,1005,472,3.156,1.605,6.734
32,3,pedestrian,0.603,443,185,537,461,-0.768,0.960,4.762
32,4,cyclist,0.502,268,262,448,378,-3.076,1.744,8.838
32,5,pedestrian,0.265,657,199,685,280,0.919,0.810,9.713
33,0,pedestrian,0.979,875,220,961,463,1.806,0.926,4.067
33,1,pedestrian,0.935,1039,206,1214,513,4.203,1.440,5.688
33,2,pedestrian,0.866,609,203,689,448,0.281,0.906,4.416
33,3,cyclist,0.628,266,264,457,377,-3.028,1.747,8.825
33,4,pedestrian,0.610,470,169,568,444,-0.551,0.816,4.579
33,5,pedestrian,0.267,605,179,631,264,0.207,0.611,10.538
34,0,pedestrian,0.962,843,220,946,468,1.661,0.935,4.043
34,1,pedestrian,0.833,619,188,710,464,0.374,0.900,4.375
34,2,pedestrian,0.772,1078,200,1237,515,4.383,1.402,5.599
34,3,cyclist,0.611,273,260,460,382,-2.970,1.756,8.838
34,4,pedestrian,0.252,591,177,625,275,0.059,0.680,10.575
35,0,pedestrian,0.865,640,202,738,452,0.502,0.865,4.176
35,1,pedestrian,0.741,817,228,930,468,1.602,0.996,4.205
35,2,pedestrian,0.594,510,165,598,479,-0.302,0.852,4.258
35,3,pedestrian,0.574,1107,209,1286,508,4.766,1.432,5.688
35,4,pedestrian,0.498,596,177,634,275,0.167,0.695,10.800
35,5,cyclist,0.477,268,263,454,380,-3.030,1.757,8.812
35,6,pedestrian,0.336,367,179,413,232,-8.484,0.991,28.021
35,7,cyclist,0.272,399,247,529,361,-1.598,1.409,8.064
36,0,pedestrian,0.623,658,226,751,457,0.578,0.927,4.070
36,1,pedestrian,0.616,1138,206,1297,510,4.363,1.263,5.029
36,2,cyclist,0.593,286,235,487,372,-2.613,1.477,8.492
36,3,pedestrian,0.494,519,179,613,465,-0.223,0.828,4.139
36,4,cyclist,0.413,448,251,541,361,-1.258,1.441,8.118
36,5,pedestrian,0.337,795,223,873,467,1.345,0.962,4.136
36,6,pedestrian,0.293,612,191,649,290,0.378,0.858,10.118
36,7,pedestrian,0.264,364,180,404,234,-9.143,1.101,29.375
37,0,pedestrian,0.854,1160,200,1318,499,3.983,1.060,4.435
37,1,pedestrian,0.846,513,185,659,483,-0.106,0.897,4.131
37,2,cyclist,0.651,286,226,513,370,-2.475,1.421,8.552
37,3,pedestrian,0.498,680,224,783,465,0.744,0.958,4.131
37,4,pedestrian,0.416,766,208,845,444,1.203,0.869,4.223
37,5,cyclist,0.362,447,250,542,356,-1.255,1.403,8.097
38,0,pedestrian,0.961,1187,205,1337,511,3.810,1.028,4.095
38,1,pedestrian,0.803,704,222,820,471,0.899,0.945,4.024
38,2,cyclist,0.678,285,235,512,369,-2.432,1.437,8.364
38,3,pedestrian,0.549,542,180,672,483,0.017,0.869,4.070
38,4,cyclist,0.432,447,249,541,354,-1.257,1.382,8.075
39,0,pedestrian,0.872,1191,212,1361,510,3.928,1.055,4.134
39,1,cyclist,0.727,285,230,517,369,-2.422,1.419,8.434
39,2,pedestrian,0.532,698,216,812,478,0.916,1.011,4.293
39,3,cyclist,0.369,443,247,539,359,-1.292,1.399,8.075
39,4,pedestrian,0.264,590,169,676,438,0.164,0.696,4.000
40,0,pedestrian,0.933,1238,219,1387,502,4.048,1.029,4.040
40,1,cyclist,0.743,284,234,525,369,-2.361,1.431,8.364
40,2,pedestrian,0.737,733,204,828,491,1.088,1.029,4.359
40,3,pedestrian,0.480,585,173,623,275,-0.002,0.891,14.478
40,4,pedestrian,0.376,607,183,705,429,0.312,0.754,4.249
40,5,pedestrian,0.309,681,217,749,470,0.683,1.003,4.351
40,6,cyclist,0.285,444,248,537,358,-1.301,1.403,8.097
40,7,pedestrian,0.280,533,177,571,242,-1.251,0.696,16.985
41,0,pedestrian,0.887,1251,215,1387,508,4.045,1.024,4.000
41,1,pedestrian,0.820,591,179,629,274,0.071,0.553,8.504
41,2,cyclist,0.738,280,234,515,369,-2.457,1.439,8.410
41,3,pedestrian,0.560,753,206,840,479,1.858,1.564,6.828
41,4,pedestrian,0.489,614,183,755,497,0.489,0.969,4.297
41,5,pedestrian,0.330,532,180,568,243,-1.264,0.724,16.523
41,6,cyclist,0.303,445,247,536,359,-1.301,1.403,8.097
42,0,pedestrian,0.777,780,209,868,478,2.361,1.750,7.591
42,1,cyclist,0.705,280,235,517,370,-2.452,1.455,8.434
42,2,pedestrian,0.671,607,187,745,500,0.455,1.031,4.471
42,3,pedestrian,0.569,1263,211,1385,511,5.455,1.368,5.357
42,4,pedestrian,0.451,592,173,627,275,0.117,0.937,15.240
42,5,cyclist,0.362,449,248,535,359,-1.282,1.407,8.086
43,0,cyclist,0.722,280,234,520,369,-2.401,1.423,8.318
43,1,pedestrian,0.562,590,173,628,278,0.071,0.654,10.271
43,2,pedestrian,0.449,1308,197,1391,527,5.203,1.267,4.936
43,3,pedestrian,0.432,800,199,887,495,2.118,1.473,6.256
43,4,cyclist,0.267,446,247,535,359,-1.297,1.399,8.075
44,0,pedestrian,0.918,802,189,935,499,3.948,2.441,10.557
44,1,cyclist,0.745,287,235,516,369,-2.406,1.443,8.399
44,2,pedestrian,0.731,532,201,679,446,0.010,0.983,4.861
44,3,cyclist,0.444,445,249,537,358,-1.292,1.405,8.075
44,4,pedestrian,0.438,642,192,675,288,0.618,0.676,8.033
45,0,pedestrian,0.827,567,209,633,442,-0.029,1.025,5.001
45,1,cyclist,0.808,282,233,502,370,-2.526,1.441,8.422
45,2,pedestrian,0.794,824,196,950,496,4.217,2.467,10.538
45,3,pedestrian,0.662,641,195,681,297,0.640,0.736,7.949
45,4,pedestrian,0.506,719,190,823,496,2.518,2.452,10.668
45,5,pedestrian,0.411,593,175,635,276,0.139,0.632,9.936
45,6,cyclist,0.367,451,250,537,359,-1.257,1.416,8.075
45,7,pedestrian,0.326,692,199,720,279,1.461,0.838,10.134
46,0,pedestrian,0.722,536,215,604,437,-0.244,1.041,5.059
46,1,pedestrian,0.711,859,191,976,500,4.545,2.393,10.254
46,2,pedestrian,0.695,702,187,728,291,1.345,0.710,8.576
46,3,cyclist,0.683,285,236,505,371,-2.453,1.443,8.296
46,4,pedestrian,0.636,646,191,686,294,0.695,0.696,7.938
46,5,pedestrian,0.626,599,179,636,281,0.190,0.700,10.001
46,6,pedestrian,0.537,722,177,845,505,3.572,3.195,14.076
46,7,cyclist,0.429,454,250,544,358,-1.205,1.416,8.107
47,0,pedestrian,0.894,740,176,888,505,8.059,6.143,27.146
47,1,pedestrian,0.780,498,211,590,439,-0.449,1.081,5.287
47,2,cyclist,0.595,273,257,469,388,-2.859,1.742,8.674
47,3,pedestrian,0.569,865,192,987,500,4.765,2.450,10.466
47,4,pedestrian,0.568,643,194,689,293,0.691,0.703,7.887
47,5,pedestrian,0.440,693,195,731,284,1.309,0.716,8.576
47,6,pedestrian,0.437,596,177,633,281,0.147,0.686,10.001
47,7,cyclist,0.300,466,251,561,360,-0.658,0.908,5.136
47,8,cyclist,0.267,408,248,514,363,-1.636,1.429,8.086
48,0,pedestrian,0.866,445,220,598,434,-0.656,1.164,5.620
48,1,pedestrian,0.797,899,216,1000,510,3.194,1.688,6.538
48,2,pedestrian,0.668,602,179,643,282,0.258,0.701,9.919
48,3,pedestrian,0.659,648,188,687,293,0.699,0.661,7.796
48,4,cyclist,0.627,261,261,452,382,-3.055,1.740,8.724
48,5,pedestrian,0.607,705,197,736,288,1.398,0.745,8.492
48,6,pedestrian,0.535,771,170,894,515,5.899,4.184,18.260
49,0,pedestrian,0.720,440,216,550,430,-0.913,1.192,5.915
49,1,pedestrian,0.720,852,175,980,515,4.609,2.431,10.448
49,2,pedestrian,0.698,601,175,639,282,0.223,0.672,9.903
49,3,pedestrian,0.675,907,186,1036,509,6.409,2.913,12.334
49,4,pedestrian,0.620,652,186,694,291,0.751,0.632,7.707
49,5,cyclist,0.592,268,263,449,379,-3.074,1.759,8.851
49,6,pedestrian,0.328,702,202,734,287,1.366,0.768,8.481
50,0,pedestrian,0.904,845,170,965,511,7.269,3.865,17.080
50,1,pedestrian,0.769,599,175,638,279,0.202,0.650,9.887
50,2,cyclist,0.586,287,253,486,396,-2.539,1.680,8.251
50,3,pedestrian,0.528,707,197,738,283,1.412,0.710,8.434
50,4,pedestrian,0.488,653,187,697,288,0.762,0.613,7.601
50,5,pedestrian,0.468,938,220,1045,509,5.064,2.405,9.241
50,6,pedestrian,0.333,525,175,559,247,-1.491,0.733,16.985
51,0,pedestrian,0.816,848,175,966,507,6.620,3.508,15.453
51,1,pedestrian,0.741,601,176,640,281,0.227,0.664,9.776
51,2,pedestrian,0.652,662,189,702,288,0.825,0.614,7.488
51,3,pedestrian,0.564,711,197,739,288,1.436,0.736,8.399
51,4,cyclist,0.378,288,242,492,414,-2.429,1.673,8.022
51,5,pedestrian,0.378,955,190,1080,505,4.959,2.003,8.481
52,0,pedestrian,0.933,847,174,996,503,9.927,4.941,22.111
52,1,pedestrian,0.668,654,190,700,289,0.774,0.626,7.507
52,2,pedestrian,0.541,705,196,744,285,1.405,0.700,8.251
52,3,pedestrian,0.503,599,175,641,280,0.219,0.646,9.713
52,4,cyclist,0.362,304,208,510,404,-2.236,1.424,8.022
52,5,pedestrian,0.357,974,189,1099,502,10.565,4.031,17.274
53,0,pedestrian,0.790,871,168,1021,510,8.830,4.093,18.260
53,1,pedestrian,0.666,601,175,639,283,0.216,0.658,9.591
53,2,pedestrian,0.622,1026,188,1131,506,5.612,1.970,8.364
53,3,pedestrian,0.594,700,193,740,287,1.329,0.682,8.107
53,4,pedestrian,0.559,651,191,693,290,0.856,0.757,8.916
53,5,cyclist,0.415,383,245,537,363,-1.537,1.318,7.544
53,6,cyclist,0.311,302,223,487,419,-2.084,1.397,7.030
53,7,pedestrian,0.289,521,179,561,243,-1.524,0.737,17.080
53,8,pedestrian,0.259,455,182,496,237,-4.205,0.948,23.120
54,0,pedestrian,0.819,910,176,1052,515,8.714,3.814,16.346
54,1,pedestrian,0.781,602,173,642,282,0.240,0.630,9.486
54,2,cyclist,0.660,371,232,534,370,-1.636,1.300,7.629
54,3,pedestrian,0.600,1027,225,1170,508,9.598,3.611,13.726
54,4,pedestrian,0.396,691,193,728,287,1.069,0.603,7.171
54,5,cyclist,0.396,258,237,441,418,-2.625,1.516,7.291
54,6,pedestrian,0.270,649,192,692,288,0.846,0.758,9.008
55,0,pedestrian,0.831,922,178,1083,498,10.741,4.246,19.062
55,1,pedestrian,0.787,688,188,733,290,1.077,0.592,7.154
55,2,pedestrian,0.786,605,174,646,284,0.283,0.642,9.355
55,3,pedestrian,0.777,1015,213,1214,510,7.996,2.835,11.076
55,4,cyclist,0.698,362,229,534,375,-1.743,1.357,7.897
55,5,cyclist,0.379,265,242,462,408,-2.619,1.573,7.697
56,0,pedestrian,0.922,986,160,1101,512,10.186,3.604,16.390
56,1,cyclist,0.849,361,234,534,373,-1.781,1.399,8.043
56,2,pedestrian,0.789,692,195,733,289,1.075,0.610,7.013
56,3,pedestrian,0.524,603,174,641,282,0.236,0.626,9.326
56,4,pedestrian,0.477,642,204,679,291,0.707,0.840,8.864
56,5,pedestrian,0.395,1073,208,1238,516,8.364,2.753,10.724
56,6,cyclist,0.269,269,240,460,408,-2.585,1.548,7.629
57,0,cyclist,0.800,361,234,533,370,-1.804,1.395,8.118
57,1,pedestrian,0.745,602,174,644,285,0.247,0.639,9.227
57,2,pedestrian,0.727,693,196,743,296,1.115,0.641,6.918
57,3,pedestrian,0.459,1010,169,1178,516,11.543,3.817,16.659
57,4,pedestrian,0.454,641,195,681,289,0.711,0.769,8.838
57,5,pedestrian,0.430,1137,232,1249,491,8.303,2.552,9.968
57,6,pedestrian,0.316,295,213,381,400,-2.919,1.382,7.756
57,7,pedestrian,0.256,450,180,486,239,-4.121,0.878,21.411
58,0,pedestrian,0.884,1013,176,1195,513,12.682,4.160,17.937
58,1,pedestrian,0.842,699,194,747,302,1.149,0.652,6.832
58,2,pedestrian,0.712,605,169,646,284,0.276,0.593,9.116
58,3,pedestrian,0.650,261,205,343,409,-3.542,1.483,8.290
58,4,pedestrian,0.642,1171,204,1260,518,3.485,1.029,4.030
58,5,cyclist,0.632,351,239,534,366,-1.860,1.404,8.140
58,6,pedestrian,0.531,635,194,678,288,0.655,0.756,8.838
58,7,pedestrian,0.387,506,178,536,249,-2.083,0.827,17.728
59,0,pedestrian,0.942,1063,177,1217,510,10.669,3.245,14.076
59,1,pedestrian,0.789,708,189,752,310,1.207,0.661,6.779
59,2,pedestrian,0.758,251,207,328,405,-3.821,1.524,8.588
59,3,pedestrian,0.664,639,189,682,288,0.696,0.716,8.724
59,4,cyclist,0.627,306,235,525,372,-2.198,1.433,8.239
59,5,pedestrian,0.608,609,175,650,283,0.325,0.621,9.049
59,6,cyclist,0.389,443,251,537,359,-1.306,1.426,8.097
59,7,pedestrian,0.373,1153,176,1316,508,5.737,1.470,6.435
59,8,pedestrian,0.317,506,189,538,252,-2.101,1.024,18.097
59,9,pedestrian,0.311,446,180,480,243,-4.510,0.991,22.605
60,0,pedestrian,0.674,1136,170,1310,512,6.076,1.576,6.941
60,1,pedestrian,0.571,704,195,749,301,1.153,0.636,6.660
60,2,cyclist,0.549,297,232,521,377,-2.337,1.485,8.469
60,3,pedestrian,0.460,613,170,650,289,0.351,0.627,9.049
60,4,cyclist,0.405,444,250,537,360,-1.304,1.429,8.118
60,5,pedestrian,0.381,637,194,680,287,0.669,0.737,8.687
60,6,pedestrian,0.323,503,185,536,251,-2.152,0.954,17.990
60,7,cyclist,0.311,252,206,323,405,-3.867,1.527,8.637
61,0,pedestrian,0.852,713,193,764,303,1.251,0.628,6.581
61,1,cyclist,0.731,282,231,522,379,-2.444,1.506,8.552
61,2,pedestrian,0.680,1132,165,1266,502,15.227,3.916,18.097
61,3,pedestrian,0.529,616,165,652,289,0.379,0.589,8.955
61,4,pedestrian,0.510,1260,171,1386,510,4.590,1.021,4.514
61,5,cyclist,0.392,402,245,533,365,-1.554,1.416,8.043
61,6,pedestrian,0.382,501,186,534,252,-2.177,0.968,17.780
61,7,pedestrian,0.264,642,193,693,290,0.773,0.743,8.613
62,0,pedestrian,0.908,1134,165,1313,504,14.055,3.494,16.044
62,1,pedestrian,0.791,717,195,764,327,1.256,0.741,6.510
62,2,cyclist,0.684,280,233,513,372,-2.486,1.461,8.469
62,3,pedestrian,0.512,643,193,690,294,0.750,0.757,8.492
62,4,pedestrian,0.480,615,175,651,283,0.361,0.606,8.838
62,5,cyclist,0.394,404,244,532,365,-1.538,1.401,7.990
63,0,pedestrian,0.938,1177,166,1327,510,11.731,2.851,12.801
63,1,pedestrian,0.840,650,189,693,292,0.802,0.714,8.410
63,2,pedestrian,0.681,724,192,770,325,1.291,0.705,6.387
63,3,cyclist,0.623,278,230,514,371,-2.499,1.441,8.492
63,4,pedestrian,0.543,491,190,525,258,-2.395,1.084,17.625
63,5,pedestrian,0.443,1309,224,1390,506,14.978,3.707,14.207
63,6,cyclist,0.344,445,252,536,357,-1.301,1.420,8.097
63,7,pedestrian,0.289,616,166,652,292,0.373,0.605,8.825
64,0,pedestrian,0.894,734,193,773,328,1.323,0.708,6.262
64,1,pedestrian,0.858,654,189,690,293,0.794,0.707,8.262
64,2,pedestrian,0.751,1192,172,1361,516,9.464,2.301,9.952
64,3,cyclist,0.635,280,231,517,371,-2.483,1.455,8.540
64,4,pedestrian,0.472,490,185,522,260,-2.488,1.065,17.937
64,5,pedestrian,0.462,617,166,651,293,0.371,0.607,8.762
64,6,cyclist,0.370,446,252,537,357,-1.291,1.422,8.107
65,0,pedestrian,0.958,736,197,779,324,1.348,0.703,6.211
65,1,pedestrian,0.849,659,190,697,293,0.853,0.704,8.162
65,2,pedestrian,0.726,614,167,652,292,0.353,0.598,8.637
65,3,cyclist,0.698,283,232,516,372,-2.450,1.455,8.469
65,4,pedestrian,0.642,1249,168,1377,507,8.735,1.934,8.711
65,5,pedestrian,0.452,485,187,514,257,-2.638,1.046,17.832
65,6,cyclist,0.399,402,244,533,365,-1.550,1.407,8.022
66,0,pedestrian,0.976,735,197,787,329,1.360,0.715,6.130
66,1,pedestrian,0.924,658,192,702,294,0.871,0.717,8.107
66,2,pedestrian,0.623,1268,143,1384,507,9.239,1.849,9.049
66,3,cyclist,0.617,281,230,516,371,-2.466,1.439,8.481
66,4,pedestrian,0.524,477,185,512,258,-3.070,1.148,19.807
66,5,pedestrian,0.450,618,171,653,288,0.376,0.586,8.457
66,6,cyclist,0.363,406,244,532,365,-1.531,1.405,8.011
67,0,pedestrian,0.987,739,196,791,334,1.366,0.717,6.003
67,1,pedestrian,0.943,656,191,702,297,0.857,0.726,8.086
67,2,cyclist,0.582,280,229,512,371,-2.528,1.451,8.588
67,3,pedestrian,0.495,1324,122,1390,568,12.549,2.742,11.784
67,4,pedestrian,0.427,614,169,652,293,0.347,0.606,8.481
67,5,cyclist,0.354,407,244,531,365,-1.531,1.405,8.011
67,6,pedestrian,0.285,478,184,510,259,-3.074,1.145,19.742
68,0,pedestrian,0.980,749,194,795,332,1.408,0.691,5.927
68,1,pedestrian,0.859,656,188,698,296,0.829,0.700,8.043
68,2,cyclist,0.668,281,229,514,372,-2.481,1.441,8.492
68,3,cyclist,0.376,447,251,535,357,-1.293,1.412,8.086
69,0,pedestrian,0.958,760,191,808,333,1.488,0.674,5.847
69,1,pedestrian,0.901,647,181,704,299,0.817,0.680,8.086
69,2,cyclist,0.638,279,231,511,371,-2.511,1.447,8.492
69,3,cyclist,0.448,448,252,534,358,-1.293,1.424,8.086
70,0,pedestrian,0.928,761,192,817,342,1.506,0.704,5.758
70,1,cyclist,0.664,279,232,518,370,-2.466,1.445,8.481
70,2,pedestrian,0.581,635,177,688,299,0.659,0.660,8.118
70,3,pedestrian,0.456,678,195,725,294,1.074,0.706,7.796
70,4,cyclist,0.330,446,252,534,358,-1.299,1.418,8.054
71,0,pedestrian,0.838,679,198,722,296,1.052,0.726,7.717
71,1,pedestrian,0.762,767,197,820,340,1.524,0.708,5.688
71,2,cyclist,0.680,278,234,512,370,-2.508,1.457,8.481
71,3,pedestrian,0.658,636,182,678,299,0.608,0.690,8.129
71,4,cyclist,0.523,449,252,534,358,-1.288,1.424,8.086
72,0,pedestrian,0.948,677,192,724,300,1.044,0.709,7.658
72,1,pedestrian,0.682,627,177,674,302,0.537,0.682,8.173
72,2,pedestrian,0.636,783,202,832,355,1.609,0.775,5.594
72,3,cyclist,0.628,277,235,511,370,-2.516,1.461,8.469
72,4,cyclist,0.534,450,252,534,358,-1.278,1.420,8.064
73,0,pedestrian,0.948,682,191,726,300,1.071,0.697,7.582
73,1,pedestrian,0.851,788,196,845,343,1.659,0.695,5.523
73,2,cyclist,0.615,280,236,511,370,-2.491,1.463,8.445
73,3,cyclist,0.542,449,252,535,358,-1.277,1.418,8.054
73,4,pedestrian,0.419,766,200,809,300,1.784,0.676,6.879
73,5,pedestrian,0.330,629,181,665,280,0.490,0.570,8.064
73,6,cyclist,0.288,281,270,407,380,-3.457,1.921,9.398
74,0,pedestrian,0.959,801,194,852,346,1.709,0.688,5.434
74,1,pedestrian,0.951,689,192,728,300,1.100,0.690,7.452
74,2,pedestrian,0.704,628,180,664,304,0.476,0.698,8.022
74,3,cyclist,0.617,280,234,513,369,-2.483,1.447,8.457
74,4,pedestrian,0.557,768,200,806,298,1.808,0.677,6.989
74,5,cyclist,0.549,448,252,535,359,-1.288,1.429,8.086
74,6,cyclist,0.266,261,275,348,382,-4.237,2.093,10.001
75,0,pedestrian,0.939,695,196,737,301,1.161,0.705,7.335
75,1,pedestrian,0.905,627,176,668,307,0.489,0.687,7.959
75,2,pedestrian,0.836,807,195,868,347,1.788,0.693,5.415
75,3,cyclist,0.512,449,251,535,360,-1.278,1.426,8.064
75,4,cyclist,0.482,281,233,512,370,-2.479,1.445,8.445
75,5,cyclist,0.310,284,271,402,381,-3.486,1.943,9.442
75,6,pedestrian,0.301,768,201,808,299,1.799,0.680,6.918
76,0,pedestrian,0.962,697,188,740,303,1.178,0.669,7.282
76,1,pedestrian,0.950,800,200,879,361,1.776,0.754,5.334
76,2,pedestrian,0.950,631,175,671,304,0.519,0.652,7.816
76,3,cyclist,0.499,280,235,516,369,-2.496,1.472,8.564
76,4,pedestrian,0.478,766,201,806,301,1.778,0.689,6.910
76,5,cyclist,0.476,447,249,535,359,-1.293,1.412,8.086
76,6,cyclist,0.277,284,270,403,380,-3.485,1.933,9.457
77,0,pedestrian,0.972,809,202,879,366,1.767,0.762,5.206
77,1,pedestrian,0.955,704,192,746,302,1.226,0.674,7.171
77,2,pedestrian,0.930,633,177,672,305,0.531,0.664,7.756
77,3,cyclist,0.569,280,235,511,369,-2.512,1.463,8.516
77,4,cyclist,0.564,451,250,535,359,-1.270,1.418,8.086
77,5,cyclist,0.310,262,275,352,383,-4.202,2.100,10.001
78,0,pedestrian,0.951,839,202,887,361,1.856,0.724,5.067
78,1,pedestrian,0.833,711,196,751,305,1.278,0.705,7.120
78,2,pedestrian,0.829,635,178,672,306,0.539,0.670,7.707
78,3,cyclist,0.518,283,235,514,371,-2.480,1.477,8.528
78,4,cyclist,0.357,442,249,537,359,-1.314,1.416,8.107
78,5,pedestrian,0.347,788,200,824,303,1.925,0.677,6.741
78,6,cyclist,0.311,281,270,407,380,-3.431,1.906,9.326
79,0,pedestrian,0.935,715,194,756,306,1.307,0.691,7.030
79,1,pedestrian,0.925,848,198,899,366,1.902,0.717,4.992
79,2,pedestrian,0.838,790,200,827,300,1.930,0.656,6.675
79,3,pedestrian,0.749,635,176,676,310,0.552,0.671,7.591
79,4,cyclist,0.533,279,233,512,370,-2.495,1.447,8.457
79,5,cyclist,0.409,444,247,537,360,-1.299,1.407,8.086
79,6,cyclist,0.275,282,270,405,380,-3.466,1.922,9.405
80,0,pedestrian,0.942,716,194,763,309,1.332,0.699,6.957
80,1,pedestrian,0.921,637,171,684,318,0.601,0.682,7.535
80,2,pedestrian,0.884,852,197,908,370,1.926,0.719,4.936
80,3,pedestrian,0.734,791,200,830,304,1.934,0.670,6.624
80,4,cyclist,0.556,281,234,516,369,-2.452,1.443,8.434
80,5,cyclist,0.357,445,248,535,358,-1.305,1.401,8.086
80,6,cyclist,0.305,282,270,403,380,-3.482,1.924,9.413
81,0,pedestrian,0.955,638,172,685,319,0.604,0.683,7.434
81,1,pedestrian,0.942,852,201,922,378,1.964,0.757,4.908
81,2,pedestrian,0.788,713,195,768,307,1.330,0.687,6.894
81,3,pedestrian,0.583,791,205,835,308,1.938,0.705,6.559
81,4,cyclist,0.505,278,233,517,371,-2.468,1.451,8.445
81,5,cyclist,0.432,447,249,534,358,-1.290,1.397,8.033
81,6,cyclist,0.262,282,270,404,380,-3.470,1.921,9.398
82,0,pedestrian,0.974,862,197,929,379,1.981,0.731,4.807
82,1,pedestrian,0.901,716,192,770,310,1.338,0.679,6.809
82,2,pedestrian,0.888,801,197,838,308,1.973,0.659,6.476
82,3,pedestrian,0.874,643,169,689,320,0.646,0.668,7.379
82,4,cyclist,0.430,446,249,536,359,-1.288,1.407,8.054
82,5,cyclist,0.429,282,232,518,370,-2.448,1.445,8.481
82,6,cyclist,0.285,282,271,402,381,-3.489,1.937,9.413
83,0,pedestrian,0.953,876,192,933,383,2.006,0.714,4.721
83,1,pedestrian,0.891,801,202,838,313,1.967,0.703,6.455
83,2,pedestrian,0.887,640,171,691,322,0.635,0.682,7.308
83,3,pedestrian,0.829,722,188,771,314,1.356,0.671,6.734
83,4,cyclist,0.516,280,230,517,370,-2.466,1.433,8.481
83,5,cyclist,0.464,445,249,537,361,-1.290,1.420,8.064
84,0,pedestrian,0.936,890,196,950,378,2.079,0.701,4.652
84,1,pedestrian,0.928,806,205,843,313,1.995,0.711,6.401
84,2,pedestrian,0.845,636,176,691,321,0.611,0.699,7.273
84,3,cyclist,0.614,278,230,510,370,-2.509,1.427,8.445
84,4,pedestrian,0.555,723,197,769,317,1.338,0.721,6.667
84,5,cyclist,0.478,443,248,536,360,-1.298,1.399,8.011
85,0,pedestrian,0.927,807,203,851,315,2.011,0.702,6.321
85,1,pedestrian,0.882,895,204,961,376,2.125,0.718,4.638
85,2,pedestrian,0.871,646,174,696,325,0.677,0.698,7.154
85,3,pedestrian,0.806,726,189,781,315,1.398,0.669,6.617
85,4,cyclist,0.524,278,231,512,371,-2.529,1.457,8.552
85,5,cyclist,0.468,444,249,536,359,-1.305,1.412,8.086
86,0,pedestrian,0.972,650,172,696,326,0.688,0.684,7.062
86,1,pedestrian,0.956,895,205,977,394,2.129,0.763,4.534
86,2,pedestrian,0.939,733,198,778,319,1.387,0.714,6.476
86,3,pedestrian,0.929,814,205,855,315,2.034,0.702,6.243
86,4,cyclist,0.513,441,248,538,361,-1.309,1.416,8.075
86,5,cyclist,0.448,283,229,508,372,-2.534,1.458,8.588
86,6,pedestrian,0.376,436,180,473,245,-4.967,1.062,23.477
87,0,pedestrian,0.980,905,200,980,400,2.112,0.746,4.413
87,1,pedestrian,0.971,659,168,705,320,0.761,0.621,6.910
87,2,pedestrian,0.964,735,198,781,317,1.398,0.699,6.421
87,3,pedestrian,0.834,821,207,866,314,2.099,0.701,6.198
87,4,cyclist,0.500,280,231,511,370,-2.509,1.443,8.504
87,5,cyclist,0.461,444,249,535,360,-1.310,1.418,8.086
87,6,cyclist,0.270,279,270,404,380,-3.496,1.924,9.413
88,0,pedestrian,0.974,662,172,707,324,0.774,0.650,6.809
88,1,pedestrian,0.947,924,200,984,406,2.143,0.750,4.331
88,2,pedestrian,0.922,738,198,784,317,1.422,0.698,6.407
88,3,pedestrian,0.871,825,205,870,315,2.119,0.692,6.154
88,4,cyclist,0.528,282,230,516,371,-2.460,1.439,8.481
88,5,cyclist,0.424,443,249,536,360,-1.293,1.399,7.980
88,6,pedestrian,0.263,434,179,468,241,-5.418,1.044,25.023
88,7,pedestrian,0.262,527,180,565,239,-1.439,0.719,17.523
89,0,pedestrian,0.891,736,194,790,321,1.425,0.690,6.341
89,1,pedestrian,0.884,944,195,1002,409,2.230,0.734,4.273
89,2,pedestrian,0.883,661,172,713,329,0.794,0.670,6.771
89,3,pedestrian,0.879,827,204,873,319,2.128,0.701,6.117
89,4,cyclist,0.528,280,231,508,371,-2.523,1.447,8.492
89,5,cyclist,0.402,396,244,534,366,-1.568,1.403,7.969
90,0,pedestrian,0.976,947,201,1019,408,2.268,0.742,4.231
90,1,pedestrian,0.890,742,196,788,321,1.428,0.692,6.275
90,2,pedestrian,0.770,832,207,873,320,2.119,0.708,6.032
90,3,pedestrian,0.656,665,174,716,329,0.814,0.669,6.660
90,4,cyclist,0.566,281,231,514,370,-2.474,1.437,8.469
90,5,cyclist,0.290,442,247,535,360,-1.322,1.407,8.086
91,0,pedestrian,0.940,738,193,790,332,1.411,0.723,6.237
91,1,pedestrian,0.907,953,200,1035,417,2.305,0.757,4.179
91,2,pedestrian,0.846,840,206,880,319,2.156,0.691,5.956
91,3,pedestrian,0.640,671,172,723,331,0.861,0.658,6.552
91,4,cyclist,0.602,281,229,513,371,-2.473,1.427,8.445
91,5,cyclist,0.335,444,249,535,359,-1.310,1.412,8.086
92,0,pedestrian,0.971,737,192,792,335,1.401,0.725,6.173
92,1,pedestrian,0.959,843,208,883,324,2.172,0.717,5.932
92,2,pedestrian,0.944,675,170,723,332,0.876,0.650,6.524
92,3,pedestrian,0.840,968,207,1045,434,2.342,0.815,4.114
92,4,cyclist,0.641,281,230,513,370,-2.477,1.429,8.457
92,5,cyclist,0.369,446,249,535,356,-1.294,1.390,8.054
93,0,pedestrian,0.982,743,197,796,329,1.427,0.712,6.099
93,1,pedestrian,0.972,849,208,889,322,2.206,0.703,5.886
93,2,pedestrian,0.953,676,171,726,330,0.883,0.638,6.441
93,3,pedestrian,0.891,998,198,1062,416,2.435,0.723,4.043
93,4,cyclist,0.610,281,230,513,371,-2.487,1.441,8.492
93,5,cyclist,0.459,397,244,533,365,-1.576,1.405,8.011
94,0,pedestrian,0.979,857,204,896,324,2.242,0.687,5.819
94,1,pedestrian,0.976,747,197,799,328,1.440,0.699,6.026
94,2,pedestrian,0.946,678,182,733,336,0.909,0.704,6.341
94,3,pedestrian,0.847,1012,195,1077,422,2.492,0.724,4.000
94,4,cyclist,0.619,281,229,520,371,-2.425,1.423,8.422
94,5,cyclist,0.298,443,249,534,360,-1.317,1.412,8.054
95,0,pedestrian,0.984,1007,213,1096,433,2.605,0.830,4.117
95,1,pedestrian,0.966,678,184,740,337,0.929,0.708,6.262
95,2,pedestrian,0.962,749,200,807,339,1.461,0.747,5.938
95,3,pedestrian,0.955,865,207,902,326,2.271,0.699,5.747
95,4,cyclist,0.650,279,231,513,371,-2.492,1.443,8.469
95,5,cyclist,0.483,397,244,534,365,-1.572,1.407,8.022
96,0,pedestrian,0.964,756,196,810,342,1.480,0.732,5.847
96,1,pedestrian,0.960,681,185,742,341,0.941,0.722,6.192
96,2,pedestrian,0.923,870,205,906,328,2.278,0.690,5.672
96,3,pedestrian,0.851,1010,217,1109,433,6.800,2.157,10.557
96,4,cyclist,0.628,279,230,514,371,-2.483,1.435,8.457
96,5,cyclist,0.431,399,245,533,366,-1.556,1.409,7.969
97,0,pedestrian,0.946,691,176,751,343,1.008,0.681,6.093
97,1,pedestrian,0.945,756,194,815,342,1.482,0.715,5.775
97,2,pedestrian,0.864,1054,203,1126,445,3.782,1.117,5.503
97,3,pedestrian,0.731,875,203,915,323,2.308,0.654,5.609
97,4,cyclist,0.653,280,230,519,371,-2.454,1.439,8.481
97,5,cyclist,0.397,445,250,535,360,-1.301,1.420,8.064
97,6,pedestrian,0.308,614,172,645,243,0.541,0.575,15.051
98,0,pedestrian,0.978,1076,188,1137,457,2.980,0.842,4.194
98,1,pedestrian,0.968,752,194,818,342,1.471,0.711,5.747
98,2,pedestrian,0.945,694,181,753,343,1.012,0.690,5.991
98,3,pedestrian,0.903,877,205,923,335,2.337,0.707,5.584
98,4,cyclist,0.660,280,230,520,370,-2.444,1.431,8.469
98,5,cyclist,0.404,446,250,534,359,-1.301,1.414,8.064
99,0,pedestrian,0.940,699,181,761,348,1.058,0.705,5.938
99,1,pedestrian,0.901,763,193,823,347,1.516,0.718,5.672
99,2,pedestrian,0.706,884,219,926,335,2.348,0.753,5.518
99,3,pedestrian,0.642,1084,197,1156,458,3.351,0.955,4.593
99,4,cyclist,0.625,282,229,518,370,-2.444,1.425,8.469
99,5,cyclist,0.406,444,249,534,358,-1.316,1.407,8.086
99,6,pedestrian,0.263,504,183,533,246,-2.165,0.860,17.884
100,0,pedestrian,0.960,706,177,762,354,1.074,0.703,5.847
100,1,pedestrian,0.915,1090,214,1193,467,5.181,1.543,6.817
100,2,pedestrian,0.777,891,210,935,328,2.381,0.682,5.449
100,3,pedestrian,0.739,768,194,825,350,1.528,0.727,5.615
100,4,cyclist,0.597,282,231,515,369,-2.456,1.427,8.445
100,5,cyclist,0.431,447,251,534,359,-1.294,1.418,8.054
100,6,pedestrian,0.330,385,180,424,239,-7.767,1.128,27.514
101,0,pedestrian,0.984,1105,215,1202,475,9.526,2.852,12.259
101,1,pedestrian,0.841,894,207,938,332,2.374,0.677,5.381
101,2,pedestrian,0.836,712,176,770,355,1.113,0.691,5.747
101,3,pedestrian,0.707,763,200,825,355,1.490,0.761,5.548
101,4,cyclist,0.594,279,233,518,368,-2.449,1.429,8.422
101,5,cyclist,0.515,449,251,534,360,-1.279,1.420,8.033
101,6,pedestrian,0.264,385,180,421,240,-7.755,1.137,27.267
102,0,pedestrian,0.804,715,172,774,358,1.128,0.678,5.678
102,1,pedestrian,0.756,900,206,945,339,2.415,0.698,5.362
102,2,pedestrian,0.603,1132,218,1212,470,3.766,1.084,4.688
102,3,pedestrian,0.603,775,202,837,353,1.552,0.745,5.434
102,4,cyclist,0.553,284,234,516,369,-2.441,1.447,8.457
102,5,cyclist,0.512,449,251,534,359,-1.288,1.424,8.086
102,6,cyclist,0.310,260,275,349,383,-4.231,2.097,9.985
102,7,pedestrian,0.302,741,187,811,354,1.347,0.705,5.538
103,0,pedestrian,0.961,781,201,844,358,1.581,0.751,5.362
103,1,pedestrian,0.874,909,206,952,338,2.443,0.685,5.292
103,2,pedestrian,0.848,1175,191,1232,462,3.489,0.850,4.115
103,3,pedestrian,0.730,710,164,778,365,1.119,0.672,5.656
103,4,cyclist,0.594,280,234,515,368,-2.461,1.435,8.422
103,5,cyclist,0.526,447,251,533,359,-1.305,1.424,8.086
103,6,cyclist,0.252,260,276,348,383,-4.238,2.104,9.985
104,0,pedestrian,0.977,780,201,851,362,1.589,0.759,5.315
104,1,pedestrian,0.951,1171,198,1254,484,5.560,1.467,6.462
104,2,pedestrian,0.912,909,210,955,345,2.419,0.715,5.215
104,3,pedestrian,0.738,700,162,786,368,1.101,0.670,5.604
104,4,cyclist,0.622,280,232,514,369,-2.460,1.425,8.399
104,5,cyclist,0.538,447,249,535,359,-1.293,1.412,8.086
104,6,cyclist,0.256,261,275,349,382,-4.210,2.083,9.952
105,0,pedestrian,0.982,783,198,857,367,1.590,0.751,5.206
105,1,pedestrian,0.954,924,213,962,345,2.478,0.720,5.171
105,2,pedestrian,0.711,1157,219,1330,475,6.861,1.786,7.587
105,3,cyclist,0.612,280,231,516,369,-2.458,1.425,8.434
105,4,pedestrian,0.544,723,187,790,372,1.176,0.764,5.453
105,5,cyclist,0.542,446,249,535,360,-1.299,1.418,8.086
106,0,pedestrian,0.971,793,201,861,371,1.614,0.764,5.118
106,1,pedestrian,0.788,1210,200,1311,516,6.051,1.636,6.517
106,2,pedestrian,0.691,933,203,974,332,2.527,0.629,5.114
106,3,cyclist,0.658,282,231,521,369,-2.383,1.406,8.318
106,4,pedestrian,0.639,724,189,791,373,1.170,0.766,5.391
106,5,cyclist,0.407,446,249,536,359,-1.295,1.414,8.097
106,6,pedestrian,0.255,372,182,413,239,-8.271,1.172,27.639
107,0,pedestrian,0.969,807,198,868,369,1.670,0.737,5.059
107,1,pedestrian,0.890,933,210,979,352,2.531,0.723,5.084
107,2,cyclist,0.717,283,233,522,369,-2.375,1.420,8.330
107,3,pedestrian,0.517,724,186,787,375,1.141,0.754,5.329
107,4,cyclist,0.454,446,250,534,358,-1.305,1.412,8.086
107,5,pedestrian,0.419,1225,236,1320,485,4.628,1.246,4.896
108,0,pedestrian,0.930,943,214,990,350,2.572,0.720,5.017
108,1,pedestrian,0.927,815,195,873,374,1.695,0.735,4.996
108,2,pedestrian,0.849,721,185,793,376,1.137,0.743,5.256
108,3,cyclist,0.664,282,234,521,369,-2.383,1.423,8.318
108,4,cyclist,0.464,447,249,535,359,-1.290,1.409,8.064
108,5,pedestrian,0.285,1276,177,1344,514,4.554,1.064,4.562
109,0,pedestrian,0.972,947,213,996,354,2.588,0.725,4.980
109,1,pedestrian,0.935,814,195,880,376,1.701,0.735,4.952
109,2,pedestrian,0.878,732,190,795,375,1.164,0.745,5.162
109,3,pedestrian,0.719,1279,180,1379,547,4.691,1.184,4.575
109,4,cyclist,0.662,280,232,520,369,-2.438,1.433,8.445
109,5,cyclist,0.534,448,250,534,359,-1.293,1.418,8.086
110,0,pedestrian,0.973,953,212,1002,354,2.588,0.710,4.900
110,1,pedestrian,0.904,739,181,802,384,1.197,0.733,5.084
110,2,pedestrian,0.876,821,197,879,379,1.689,0.738,4.857
110,3,cyclist,0.652,279,230,516,372,-2.464,1.437,8.434
110,4,cyclist,0.527,449,251,534,359,-1.288,1.424,8.086
110,5,pedestrian,0.429,1316,152,1390,539,7.327,1.614,6.918
110,6,pedestrian,0.295,617,175,648,245,0.546,0.566,13.573
111,0,pedestrian,0.992,960,214,1007,357,2.604,0.721,4.853
111,1,pedestrian,0.917,742,181,809,387,1.213,0.733,5.005
111,2,pedestrian,0.867,824,206,896,372,1.732,0.734,4.784
111,3,cyclist,0.660,278,230,521,370,-2.433,1.421,8.410
111,4,cyclist,0.552,449,251,534,359,-1.286,1.422,8.075
111,5,pedestrian,0.416,1321,154,1390,534,11.879,2.585,11.178
112,0,pedestrian,0.987,972,214,1017,357,2.652,0.713,4.803
112,1,pedestrian,0.941,745,175,814,387,1.219,0.698,4.912
112,2,pedestrian,0.928,825,199,901,384,1.723,0.739,4.706
112,3,cyclist,0.654,278,231,520,371,-2.443,1.435,8.422
112,4,cyclist,0.574,450,251,535,360,-1.273,1.426,8.064
113,0,pedestrian,0.972,978,215,1028,364,2.680,0.732,4.750
113,1,pedestrian,0.962,831,209,909,388,1.747,0.775,4.645
113,2,pedestrian,0.944,748,165,824,402,1.248,0.706,4.849
113,3,cyclist,0.590,277,230,523,370,-2.401,1.406,8.318
113,4,cyclist,0.525,449,251,535,359,-1.268,1.409,8.001
114,0,pedestrian,0.978,835,212,917,391,1.762,0.784,4.582
114,1,pedestrian,0.883,757,163,827,402,1.266,0.687,4.762
114,2,pedestrian,0.881,985,211,1035,367,2.694,0.720,4.692
114,3,cyclist,0.583,276,231,518,370,-2.473,1.433,8.445
114,4,cyclist,0.556,451,251,534,359,-1.274,1.422,8.075
115,0,pedestrian,0.986,840,215,922,389,1.754,0.769,4.478
115,1,pedestrian,0.824,995,212,1047,366,2.733,0.711,4.635
115,2,pedestrian,0.820,741,182,835,386,1.220,0.686,4.688
115,3,cyclist,0.606,277,232,520,370,-2.439,1.429,8.387
115,4,cyclist,0.540,449,251,534,360,-1.282,1.424,8.054
116,0,pedestrian,0.981,857,209,936,397,1.811,0.758,4.378
116,1,pedestrian,0.944,741,195,836,408,1.207,0.792,4.628
116,2,pedestrian,0.769,1003,212,1056,368,2.774,0.714,4.610
116,3,cyclist,0.618,276,232,520,370,-2.445,1.429,8.387
116,4,cyclist,0.553,451,251,534,359,-1.268,1.414,8.033
117,0,pedestrian,0.955,1012,214,1073,369,2.835,0.718,4.572
117,1,pedestrian,0.942,859,205,938,411,1.802,0.780,4.328
117,2,pedestrian,0.793,748,195,843,414,1.221,0.791,4.511
117,3,cyclist,0.539,282,230,518,370,-2.438,1.427,8.445
117,4,cyclist,0.524,449,251,535,360,-1.268,1.414,8.001
118,0,pedestrian,0.948,1021,215,1078,381,2.878,0.759,4.568
118,1,pedestrian,0.930,775,183,850,425,1.305,0.773,4.425
118,2,pedestrian,0.799,869,213,939,407,1.814,0.783,4.276
118,3,cyclist,0.549,281,229,518,370,-2.461,1.431,8.504
118,4,cyclist,0.545,449,250,535,360,-1.282,1.424,8.086
119,0,pedestrian,0.866,1031,214,1085,383,2.896,0.753,4.511
119,1,pedestrian,0.823,792,184,856,422,1.346,0.750,4.328
119,2,cyclist,0.554,280,228,519,370,-2.447,1.417,8.457
119,3,pedestrian,0.506,875,219,950,397,1.828,0.756,4.191
119,4,cyclist,0.504,448,250,535,361,-1.276,1.416,8.011
120,0,pedestrian,0.944,786,182,871,428,1.356,0.752,4.273
120,1,pedestrian,0.701,881,222,947,419,1.812,0.818,4.134
120,2,pedestrian,0.600,1039,214,1093,382,2.887,0.734,4.419
120,3,cyclist,0.586,278,228,519,370,-2.462,1.419,8.469
120,4,cyclist,0.567,449,250,535,360,-1.278,1.420,8.064
121,0,pedestrian,0.978,796,178,888,437,1.419,0.757,4.217
121,1,pedestrian,0.975,878,218,958,430,1.812,0.828,4.081
121,2,pedestrian,0.967,1055,213,1109,387,2.959,0.740,4.378
121,3,cyclist,0.583,278,226,518,371,-2.493,1.427,8.552
121,4,cyclist,0.522,447,248,535,361,-1.290,1.414,8.064
121,5,cyclist,0.251,352,215,460,357,-2.321,1.236,8.284
122,0,pedestrian,0.981,884,215,973,440,1.836,0.832,4.000
122,1,pedestrian,0.980,1061,216,1124,390,3.037,0.762,4.397
122,2,pedestrian,0.843,799,189,889,448,1.396,0.803,4.114
122,3,cyclist,0.638,278,226,519,371,-2.469,1.417,8.492
122,4,cyclist,0.594,450,250,536,360,-1.264,1.416,8.043
123,0,pedestrian,0.973,1069,212,1137,396,3.028,0.750,4.291
123,1,pedestrian,0.874,895,217,975,438,1.872,0.832,4.000
123,2,pedestrian,0.619,814,162,887,449,1.420,0.720,4.075
123,3,cyclist,0.603,277,226,518,371,-2.481,1.417,8.492
123,4,cyclist,0.542,449,250,535,360,-1.266,1.406,7.985
124,0,pedestrian,0.947,910,204,993,450,1.966,0.829,4.000
124,1,pedestrian,0.897,828,192,906,448,1.488,0.789,4.000
124,2,pedestrian,0.802,1089,214,1142,402,3.054,0.761,4.223
124,3,cyclist,0.581,276,227,518,370,-2.487,1.417,8.492
124,4,cyclist,0.559,449,250,535,360,-1.265,1.405,7.980
125,0,pedestrian,0.774,824,195,909,443,1.849,0.976,4.982
125,1,pedestrian,0.644,1102,210,1158,394,3.128,0.723,4.205
125,2,pedestrian,0.621,924,220,1009,430,2.626,1.047,5.123
125,3,cyclist,0.609,275,228,515,372,-2.515,1.437,8.504
125,4,cyclist,0.586,451,250,535,360,-1.257,1.409,8.001
126,0,pedestrian,0.972,1113,216,1181,400,3.209,0.754,4.179
126,1,pedestrian,0.934,927,227,1012,455,2.112,0.928,4.086
126,2,pedestrian,0.899,830,180,922,459,5.018,2.565,13.049
126,3,cyclist,0.622,276,229,517,370,-2.476,1.419,8.434
126,4,cyclist,0.546,447,249,535,361,-1.292,1.422,8.075
127,0,pedestrian,0.986,932,224,1023,463,5.370,2.344,10.168
127,1,pedestrian,0.874,1124,219,1193,402,3.264,0.765,4.162
127,2,pedestrian,0.825,841,185,933,457,5.069,2.517,12.668
127,3,cyclist,0.605,277,227,519,371,-2.489,1.431,8.540
127,4,cyclist,0.528,448,249,536,361,-1.270,1.411,8.011
128,0,pedestrian,0.955,941,230,1041,466,2.574,1.114,4.705
128,1,pedestrian,0.846,843,212,944,470,4.890,2.712,11.946
128,2,pedestrian,0.710,1142,220,1196,418,3.274,0.803,4.097
128,3,cyclist,0.584,277,226,519,370,-2.475,1.411,8.492
128,4,cyclist,0.484,446,249,535,361,-1.289,1.412,8.022
129,0,pedestrian,0.884,955,222,1053,469,2.710,1.118,4.792
129,1,pedestrian,0.884,860,182,947,457,5.353,2.485,12.642
129,2,pedestrian,0.878,1154,218,1210,389,3.336,0.710,4.081
129,3,cyclist,0.553,281,228,520,370,-2.428,1.413,8.434
129,4,cyclist,0.474,447,249,536,361,-1.271,1.405,7.980
130,0,pedestrian,0.913,1167,209,1227,404,3.397,0.722,4.051
130,1,pedestrian,0.854,880,191,958,487,5.342,2.688,11.993
130,2,pedestrian,0.801,966,224,1056,470,3.190,1.305,5.543
130,3,cyclist,0.544,279,227,523,370,-2.432,1.413,8.469
130,4,cyclist,0.428,444,248,535,361,-1.305,1.412,8.054
131,0,pedestrian,0.950,978,222,1077,496,3.164,1.334,5.283
131,1,pedestrian,0.936,1173,226,1241,416,3.489,0.813,4.092
131,2,pedestrian,0.914,881,187,979,501,4.961,2.489,10.762
131,3,cyclist,0.604,280,228,521,370,-2.435,1.417,8.457
131,4,cyclist,0.443,445,248,536,360,-1.290,1.403,8.033
132,0,pedestrian,0.885,1178,218,1253,429,3.489,0.816,4.035
132,1,pedestrian,0.843,897,193,999,502,5.226,2.537,10.743
132,2,pedestrian,0.820,986,215,1091,505,4.048,1.672,6.588
132,3,cyclist,0.660,277,227,520,370,-2.466,1.415,8.481
132,4,cyclist,0.426,446,249,535,360,-1.295,1.414,8.064
133,0,pedestrian,0.845,994,211,1114,511,4.536,1.820,7.129
133,1,pedestrian,0.733,901,215,1009,507,10.026,5.157,20.201
133,2,cyclist,0.610,278,231,522,369,-2.438,1.427,8.445
133,3,pedestrian,0.602,1178,251,1264,431,3.490,0.908,4.000
133,4,cyclist,0.475,446,249,535,360,-1.297,1.416,8.075
134,0,pedestrian,0.828,1216,220,1278,427,3.638,0.809,4.000
134,1,cyclist,0.688,276,231,522,368,-2.433,1.412,8.387
134,2,pedestrian,0.546,1025,226,1135,498,3.772,1.439,5.604
134,3,pedestrian,0.509,930,181,1014,505,6.864,3.031,13.190
134,4,cyclist,0.453,446,250,535,360,-1.292,1.416,8.043
135,0,pedestrian,0.969,1044,214,1150,515,4.030,1.504,5.780
135,1,pedestrian,0.905,1226,219,1300,437,3.728,0.835,4.000
135,2,pedestrian,0.813,933,190,1027,498,8.785,3.821,16.523
135,3,cyclist,0.610,276,230,520,370,-2.472,1.433,8.481
135,4,cyclist,0.403,445,249,535,360,-1.294,1.407,8.022
136,0,pedestrian,0.970,1066,225,1161,500,4.507,1.610,6.256
136,1,pedestrian,0.897,922,184,1027,504,10.799,4.766,20.612
136,2,pedestrian,0.849,1243,221,1316,431,3.821,0.823,4.000
136,3,cyclist,0.659,275,230,522,369,-2.459,1.423,8.457
136,4,cyclist,0.422,444,248,535,360,-1.307,1.409,8.064
137,0,pedestrian,0.908,921,186,1050,505,11.429,4.944,21.187
137,1,pedestrian,0.844,1080,220,1178,504,3.543,1.225,4.773
137,2,pedestrian,0.675,1254,242,1333,440,3.901,0.908,4.000
137,3,cyclist,0.609,276,231,524,369,-2.414,1.414,8.364
137,4,cyclist,0.374,443,248,535,360,-1.314,1.410,8.075
138,0,pedestrian,0.977,917,181,1078,506,8.998,3.728,16.172
138,1,pedestrian,0.924,1072,229,1219,508,4.477,1.555,5.847
138,2,pedestrian,0.745,1277,231,1341,421,3.988,0.823,4.000
138,3,cyclist,0.629,276,232,521,369,-2.439,1.423,8.387
138,4,cyclist,0.424,444,248,536,360,-1.301,1.409,8.064
139,0,pedestrian,0.986,954,170,1085,512,7.634,2.949,12.993
139,1,pedestrian,0.813,1287,239,1364,442,4.391,0.974,4.303
139,2,pedestrian,0.782,1101,230,1224,496,3.808,1.245,4.822
139,3,cyclist,0.599,276,231,522,369,-2.409,1.404,8.307
139,4,cyclist,0.416,444,248,536,359,-1.298,1.399,8.043
140,0,pedestrian,0.863,998,158,1109,515,14.158,4.914,22.273
140,1,pedestrian,0.851,1137,228,1244,500,4.691,1.468,5.656
140,2,cyclist,0.600,278,229,524,369,-2.396,1.398,8.341
140,3,pedestrian,0.529,1314,234,1384,445,4.215,0.900,4.000
140,4,cyclist,0.370,444,248,536,359,-1.299,1.401,8.054
141,0,pedestrian,0.966,1170,213,1268,512,3.982,1.179,4.579
141,1,pedestrian,0.699,1021,168,1133,518,4.842,1.664,7.239
141,2,cyclist,0.651,278,230,523,370,-2.408,1.414,8.364
141,3,pedestrian,0.586,1323,231,1389,457,7.934,1.725,7.461
141,4,cyclist,0.385,445,248,535,359,-1.301,1.403,8.064
142,0,pedestrian,0.914,1018,173,1146,514,5.025,1.714,7.434
142,1,pedestrian,0.758,1190,219,1287,507,5.186,1.492,5.780
142,2,cyclist,0.616,278,231,518,370,-2.408,1.402,8.262
142,3,pedestrian,0.491,1338,224,1392,467,12.907,2.799,11.993
142,4,cyclist,0.422,446,248,535,359,-1.289,1.395,8.022
142,5,cyclist,0.257,259,277,349,382,-4.238,2.104,9.985
143,0,pedestrian,0.921,1045,174,1184,513,4.572,1.460,6.334
143,1,pedestrian,0.762,1220,219,1322,511,4.299,1.189,4.558
143,2,cyclist,0.669,277,229,523,370,-2.414,1.408,8.364
143,3,pedestrian,0.565,1323,242,1389,486,7.467,1.822,7.022
143,4,cyclist,0.429,446,249,535,360,-1.295,1.414,8.064
144,0,pedestrian,0.974,1073,162,1198,515,5.608,1.667,7.461
144,1,cyclist,0.701,275,230,520,370,-2.468,1.427,8.445
144,2,pedestrian,0.568,1248,239,1345,492,4.791,1.280,4.892
144,3,cyclist,0.419,446,248,536,360,-1.290,1.409,8.064
